M,1580.436,17.16
L,1574.241,25.014
L,1568,32.83
L,1561.67,40.571
L,1555.204,48.2
L,1547.832,56.472
L,1540.943,63.747
L,1533.832,70.825
L,1526.508,77.699
L,1518.979,84.361
L,1511.254,90.807
L,1503.342,97.028
L,1495.25,103.018
L,1486.988,108.771
L,1478.564,114.28
L,1469.986,119.538
L,1461.264,124.54
L,1450.176,130.416
L,1441.158,134.817
L,1432.022,138.952
L,1422.775,142.828
L,1413.425,146.453
L,1403.98,149.831
L,1394.446,152.971
L,1384.832,155.879
L,1375.145,158.561
L,1365.393,161.024
L,1355.583,163.274
L,1345.723,165.319
L,1335.82,167.165
L,1325.882,168.818
L,1315.917,170.286
L,1305.72,171.6
L,1295.721,172.712
L,1285.713,173.652
L,1275.697,174.424
L,1265.675,175.029
L,1255.65,175.469
L,1245.624,175.744
L,1235.599,175.858
L,1225.578,175.811
L,1215.563,175.606
L,1205.556,175.244
L,1195.559,174.726
L,1185.575,174.056
L,1175.606,173.233
L,1165.653,172.261
L,1155.648,171.132
L,1145.736,169.865
L,1135.844,168.463
L,1125.97,166.935
L,1116.114,165.291
L,1106.273,163.543
L,1096.445,161.701
L,1086.631,159.775
L,1076.826,157.776
L,1067.032,155.713
L,1057.245,153.598
L,1047.464,151.442
L,1037.687,149.253
L,1027.914,147.043
L,1017.9,144.768
L,842.244,104.052
L,832.543,101.622
L,822.843,99.186
L,813.146,96.74
L,803.454,94.276
L,793.768,91.79
L,784.089,89.277
L,774.42,86.73
L,766.272,84.552
L,756.623,81.931
L,746.983,79.276
L,737.35,76.594
L,727.722,73.894
L,718.096,71.185
L,708.47,68.476
L,698.842,65.774
L,689.21,63.089
L,679.57,60.43
L,669.921,57.804
L,660.26,55.22
L,650.585,52.688
L,640.893,50.215
L,631.183,47.811
L,621.451,45.483
L,614.328,43.836
L,604.555,41.661
L,594.757,39.58
L,584.937,37.596
L,575.096,35.712
L,565.235,33.931
L,555.354,32.255
L,545.457,30.687
L,535.543,29.23
L,525.615,27.887
L,515.673,26.66
L,505.72,25.551
L,495.755,24.565
L,485.781,23.703
L,475.799,22.967
L,465.81,22.362
L,455.815,21.89
L,450.216,21.684
L,440.216,21.424
L,430.213,21.304
L,420.211,21.329
L,410.21,21.502
L,400.212,21.827
L,390.218,22.307
L,380.231,22.947
L,370.251,23.75
L,360.281,24.72
L,350.321,25.861
L,340.375,27.176
L,330.442,28.67
L,320.525,30.345
L,310.625,32.206
L,300.456,34.32
L,290.598,36.57
L,280.771,39.017
L,270.986,41.667
L,261.255,44.523
L,251.586,47.591
L,241.993,50.873
L,232.484,54.375
L,223.071,58.101
L,213.765,62.056
L,204.577,66.243
L,195.517,70.668
L,186.595,75.334
L,177.824,80.246
L,169.213,85.408
L,160.774,90.825
L,152.516,96.501
L,144.451,102.44
L,138.216,107.328
L,130.522,113.747
L,123.042,120.427
L,115.777,127.354
L,108.729,134.518
L,101.899,141.907
L,95.289,149.51
L,88.9,157.315
L,82.733,165.31
L,76.791,173.485
L,71.075,181.827
L,65.587,190.324
L,60.327,198.967
L,55.297,207.742
L,50.5,216.638
L,44.304,229.008
L,40.061,238.147
L,36.051,247.376
L,32.269,256.688
L,28.713,266.081
L,25.379,275.547
L,22.263,285.084
L,19.362,294.685
L,16.673,304.346
L,14.192,314.062
L,11.917,323.828
L,9.842,333.64
L,7.966,343.492
L,6.285,353.379
L,5.148,360.828
L,3.8,370.766
L,2.64,380.728
L,1.667,390.709
L,0.88,400.706
L,0.278,410.716
L,-0.139,420.733
L,-0.372,430.756
L,-0.423,440.779
L,-0.293,450.8
L,0.019,460.814
L,0.511,470.818
L,1.182,480.808
L,1.872,489.06
L,2.867,499.016
L,4.034,508.95
L,5.366,518.863
L,6.857,528.754
L,8.501,538.623
L,10.291,548.469
L,12.222,558.293
L,14.288,568.093
L,16.482,577.869
L,18.798,587.622
L,21.229,597.35
L,23.771,607.053
L,26.416,616.731
L,29.158,626.384
L,31.991,636.011
L,34.788,645.216
L,37.783,654.791
L,40.857,664.339
L,44.008,673.861
L,47.235,683.355
L,50.539,692.822
L,53.917,702.261
L,57.37,711.672
L,60.896,721.056
L,64.495,730.411
L,68.165,739.737
L,71.906,749.035
L,75.717,758.305
L,79.598,767.545
L,83.547,776.756
L,87.564,785.937
L,91.647,795.089
L,95.796,804.211
L,100.011,813.303
L,104.29,822.365
L,108.632,831.396
L,113.037,840.397
L,117.504,849.367
L,122.032,858.305
L,126.62,867.212
L,131.268,876.088
L,135.974,884.932
L,140.738,893.745
L,145.559,902.525
L,150.436,911.273
L,155.368,919.988
L,162.708,932.724
L,167.773,941.358
L,172.892,949.96
L,178.062,958.528
L,183.286,967.063
L,188.561,975.565
L,193.888,984.033
L,199.267,992.469
L,204.696,1000.871
L,210.177,1009.241
L,215.708,1017.577
L,221.289,1025.879
L,226.92,1034.149
L,232.601,1042.385
L,238.331,1050.587
L,244.111,1058.757
L,249.938,1066.893
L,255.815,1074.995
L,261.739,1083.064
L,267.711,1091.1
L,273.731,1099.102
L,279.798,1107.07
L,285.912,1115.005
L,292.073,1122.907
L,298.279,1130.774
L,304.532,1138.608
L,310.831,1146.409
L,317.175,1154.176
L,325.104,1163.76
L,331.549,1171.451
L,338.038,1179.107
L,344.574,1186.726
L,351.156,1194.306
L,357.784,1201.847
L,364.46,1209.347
L,371.183,1216.804
L,377.954,1224.217
L,384.774,1231.584
L,391.644,1238.903
L,398.562,1246.174
L,405.531,1253.395
L,412.551,1260.564
L,419.622,1267.68
L,426.744,1274.741
L,433.918,1281.746
L,441.145,1288.693
L,448.425,1295.581
L,455.759,1302.408
L,463.147,1309.173
L,470.589,1315.874
L,478.086,1322.51
L,485.639,1329.079
L,493.248,1335.58
L,500.913,1342.011
L,508.636,1348.371
L,516.416,1354.659
L,524.254,1360.872
L,532.15,1367.009
L,540.105,1373.069
L,546,1377.48
L,554.059,1383.403
L,562.177,1389.245
L,570.353,1395.007
L,578.587,1400.687
L,586.878,1406.286
L,595.225,1411.804
L,603.628,1417.239
L,612.086,1422.591
L,620.598,1427.86
L,629.163,1433.045
L,637.781,1438.146
L,646.451,1443.163
L,655.173,1448.096
L,663.945,1452.943
L,672.767,1457.704
L,681.638,1462.379
L,690.557,1466.968
L,699.525,1471.469
L,708.539,1475.884
L,717.756,1480.284
L,726.863,1484.519
L,736.017,1488.655
L,745.218,1492.679
L,754.467,1496.58
L,763.764,1500.347
L,773.111,1503.968
L,782.509,1507.432
L,791.957,1510.727
L,801.457,1513.841
L,811.009,1516.763
L,820.615,1519.482
L,830.076,1521.936
L,839.79,1524.217
L,849.558,1526.255
L,859.38,1528.035
L,869.256,1529.541
L,879.186,1530.756
L,889.169,1531.666
L,899.204,1532.253
L,909.293,1532.502
L,923.988,1532.232
L,934.192,1531.578
L,944.375,1530.48
L,954.465,1528.87
L,964.391,1526.682
L,974.079,1523.847
L,983.458,1520.298
L,992.454,1515.968
L,999.96,1511.484
L,1008.05,1505.535
L,1015.579,1498.771
L,1022.502,1491.286
L,1028.774,1483.172
L,1034.351,1474.521
L,1039.189,1465.427
L,1043.244,1455.982
L,1047.072,1444.092
L,1049.243,1434.191
L,1050.588,1424.189
L,1051.161,1414.13
L,1051.019,1404.058
L,1050.217,1394.016
L,1048.008,1379.664
L,1045.824,1369.874
L,1043.153,1360.222
L,1040.033,1350.707
L,1036.502,1341.329
L,1030.536,1327.56
L,1026.137,1318.528
L,1021.421,1309.655
L,1016.387,1300.963
L,1011.035,1292.474
L,1005.364,1284.21
L,999.375,1276.193
L,993.72,1269.216
L,987.111,1261.742
L,980.1,1254.657
L,972.604,1248.06
L,964.54,1242.052
L,955.824,1236.732
L,950.352,1233.96
L,940.498,1229.964
L,930.182,1227.07
L,919.725,1225.533
L,909.448,1225.609
L,899.672,1227.553
L,892.32,1230.684
L,884.823,1236.017
L,878.391,1242.938
L,873.164,1251.044
L,869.284,1259.937
L,866.892,1269.216
L,866.066,1278.57
L,866.641,1287.864
L,868.377,1297.051
L,871.037,1306.086
L,874.38,1314.924
L,878.529,1324.196
L,883.185,1333.163
L,888.334,1341.807
L,893.964,1350.106
L,900.064,1358.04
L,908.856,1367.964
L,915.74,1374.713
L,923.066,1380.987
L,930.866,1386.695
L,939.17,1391.745
L,948.012,1396.044
L,955.472,1398.98
L,962.952,1401.838
L,970.102,1405.084
L,976.575,1409.185
L,982.02,1414.608
L,984.6,1418.567
L,986.577,1422.955
L,987.825,1427.578
L,988.22,1432.244
L,987.636,1436.76
L,985.716,1441.475
L,982.652,1445.696
L,978.707,1449.37
L,974.144,1452.441
L,969.228,1454.856
L,960.799,1457.365
L,952.208,1458.241
L,943.541,1457.816
L,934.885,1456.421
L,926.328,1454.388
L,916.567,1451.574
L,907.033,1448.374
L,897.698,1444.817
L,888.54,1440.932
L,878.592,1436.292
L,869.723,1431.81
L,860.972,1427.077
L,852.334,1422.109
L,843.805,1416.924
L,835.379,1411.536
L,827.052,1405.962
L,818.82,1400.218
L,810.678,1394.321
L,802.622,1388.285
L,794.646,1382.129
L,786.747,1375.867
L,778.919,1369.516
L,771.576,1363.44
L,763.875,1356.959
L,756.236,1350.421
L,748.658,1343.827
L,741.141,1337.177
L,733.682,1330.472
L,726.281,1323.714
L,718.938,1316.902
L,711.652,1310.039
L,704.421,1303.123
L,697.245,1296.157
L,690.123,1289.141
L,683.054,1282.076
L,676.036,1274.962
L,669.07,1267.8
L,662.155,1260.592
L,655.288,1253.337
L,648.47,1246.037
L,641.7,1238.693
L,634.977,1231.305
L,628.299,1223.874
L,624.78,1219.92
L,618.171,1212.425
L,611.607,1204.888
L,605.087,1197.31
L,598.612,1189.691
L,592.183,1182.033
L,585.798,1174.334
L,579.459,1166.596
L,573.165,1158.82
L,566.917,1151.004
L,560.715,1143.151
L,554.558,1135.26
L,548.448,1127.331
L,542.383,1119.365
L,536.365,1111.363
L,530.393,1103.325
L,524.468,1095.251
L,518.589,1087.141
L,512.758,1078.997
L,506.973,1070.818
L,501.235,1062.605
L,495.545,1054.358
L,489.901,1046.078
L,484.306,1037.765
L,478.758,1029.42
L,473.258,1021.042
L,467.805,1012.633
L,462.401,1004.192
L,456.768,995.28
L,451.463,986.776
L,446.206,978.243
L,440.998,969.68
L,435.839,961.087
L,430.729,952.465
L,425.669,943.815
L,420.658,935.137
L,415.697,926.431
L,410.785,917.698
L,405.925,908.938
L,401.114,900.152
L,396.354,891.339
L,391.645,882.5
L,386.988,873.637
L,382.381,864.748
L,377.826,855.834
L,373.322,846.897
L,368.871,837.936
L,364.472,828.951
L,360.125,819.943
L,355.83,810.913
L,351.588,801.861
L,347.399,792.787
L,343.264,783.691
L,339.182,774.575
L,335.153,765.437
L,332.124,758.472
L,328.191,749.299
L,324.313,740.105
L,320.494,730.889
L,316.736,721.65
L,313.041,712.387
L,309.41,703.097
L,305.846,693.782
L,302.352,684.438
L,298.93,675.065
L,295.581,665.663
L,292.308,656.229
L,289.113,646.764
L,285.998,637.264
L,282.966,627.731
L,280.019,618.161
L,277.158,608.555
L,274.387,598.911
L,271.706,589.229
L,269.12,579.506
L,266.629,569.741
L,264.235,559.935
L,261.942,550.085
L,258.96,536.484
L,256.915,526.528
L,254.986,516.531
L,253.185,506.499
L,251.524,496.437
L,250.013,486.352
L,248.664,476.249
L,247.489,466.133
L,246.499,456.01
L,245.705,445.885
L,245.118,435.765
L,244.75,425.654
L,244.613,415.558
L,244.717,405.483
L,245.074,395.435
L,245.696,385.418
L,246.593,375.44
L,247.777,365.504
L,249.26,355.617
L,251.052,345.784
L,253.166,336.011
L,255.612,326.303
L,257.088,321.048
L,260.067,311.454
L,263.392,301.95
L,267.057,292.551
L,271.057,283.273
L,275.388,274.131
L,280.044,265.141
L,285.02,256.319
L,290.313,247.68
L,295.916,239.24
L,301.824,231.014
L,308.034,223.018
L,314.54,215.268
L,321.337,207.779
L,328.848,200.148
L,336.227,193.243
L,343.872,186.634
L,351.769,180.321
L,359.902,174.306
L,368.258,168.592
L,376.821,163.18
L,385.576,158.071
L,394.51,153.267
L,403.607,148.771
L,412.853,144.583
L,422.233,140.706
L,431.732,137.141
L,441.336,133.891
L,451.029,130.955
L,460.798,128.338
L,469.872,126.204
L,479.746,124.2
L,489.661,122.506
L,499.613,121.112
L,509.597,120.008
L,519.608,119.183
L,529.64,118.626
L,539.689,118.329
L,549.75,118.279
L,559.817,118.467
L,569.886,118.882
L,579.952,119.515
L,590.008,120.353
L,600.052,121.388
L,610.076,122.609
L,620.077,124.005
L,630.049,125.567
L,639.988,127.282
L,653.952,129.948
L,663.79,131.994
L,673.586,134.157
L,683.345,136.426
L,693.071,138.788
L,702.768,141.231
L,712.441,143.743
L,722.094,146.313
L,731.73,148.927
L,741.355,151.574
L,750.973,154.242
L,757.848,156.156
L,1150.968,263.016
L,1160.644,265.536
L,1170.323,268.045
L,1180.007,270.535
L,1189.699,272.993
L,1199.403,275.411
L,1209.12,277.778
L,1218.853,280.083
L,1227.408,282.048
L,1237.179,284.213
L,1246.97,286.297
L,1256.78,288.3
L,1266.61,290.222
L,1276.456,292.061
L,1286.32,293.818
L,1296.199,295.492
L,1306.093,297.082
L,1316.001,298.589
L,1325.921,300.012
L,1335.854,301.349
L,1345.797,302.602
L,1355.75,303.769
L,1365.712,304.85
L,1375.682,305.845
L,1385.659,306.753
L,1395.642,307.573
L,1405.631,308.306
L,1415.623,308.951
L,1425.619,309.507
L,1435.617,309.974
L,1445.616,310.351
L,1453.92,310.596
L,1463.919,310.809
L,1473.918,310.932
L,1483.916,310.967
L,1493.912,310.914
L,1503.907,310.774
L,1513.901,310.549
L,1523.893,310.239
L,1533.883,309.845
L,1543.871,309.367
L,1553.857,308.808
L,1563.84,308.167
L,1573.821,307.446
L,1583.798,306.646
L,1593.772,305.767
L,1603.743,304.81
L,1613.71,303.776
L,1623.673,302.667
L,1633.633,301.483
L,1643.588,300.225
L,1653.539,298.893
L,1663.485,297.49
L,1673.426,296.015
L,1679.028,295.152
L,1688.961,293.566
L,1698.884,291.904
L,1708.794,290.159
L,1718.687,288.326
L,1728.559,286.397
L,1738.405,284.367
L,1748.221,282.23
L,1758.004,279.978
L,1767.75,277.606
L,1777.454,275.107
L,1787.112,272.476
L,1796.721,269.705
L,1806.275,266.789
L,1815.772,263.721
L,1825.207,260.495
L,1834.577,257.104
L,1845.168,253.032
L,1854.384,249.271
L,1863.529,245.341
L,1872.606,241.25
L,1881.619,237.006
L,1890.572,232.619
L,1899.468,228.097
L,1908.311,223.448
L,1917.103,218.681
L,1925.85,213.804
L,1934.553,208.827
L,1943.218,203.757
L,1951.847,198.603
L,1960.443,193.373
L,1969.011,188.077
L,1977.554,182.722
L,1986.076,177.318
L,1990.872,174.252
L,1999.365,168.784
L,2007.832,163.272
L,2016.266,157.709
L,2024.657,152.087
L,2032.995,146.399
L,2041.272,140.637
L,2049.479,134.793
L,2057.607,128.861
L,2065.647,122.833
L,2073.589,116.7
L,2081.425,110.457
L,2089.146,104.095
L,2096.742,97.607
L,2104.205,90.985
L,2111.526,84.222
L,2118.695,77.31
L,2125.704,70.243
L,2132.543,63.012
L,2137.2,57.876
L,2143.737,50.356
L,2150.114,42.683
L,2156.356,34.882
L,2162.489,26.977
L,2168.537,18.991
L,2174.527,10.949
L,2182.596,0
L,2172.975,2.725
L,2163.352,5.445
L,2153.726,8.154
L,2144.095,10.846
L,2129.712,14.82
L,2120.062,17.447
L,2110.403,20.041
L,2100.734,22.6
L,2091.055,25.121
L,2081.365,27.602
L,2071.665,30.041
L,2061.954,32.436
L,2052.231,34.784
L,2042.497,37.083
L,2032.75,39.33
L,2022.991,41.524
L,2013.219,43.661
L,2003.434,45.74
L,1993.636,47.759
L,1983.823,49.714
L,1969.656,52.416
L,1959.808,54.207
L,1949.946,55.925
L,1940.07,57.565
L,1930.18,59.122
L,1920.277,60.593
L,1910.362,61.971
L,1900.434,63.254
L,1890.494,64.436
L,1880.542,65.513
L,1870.58,66.48
L,1860.607,67.333
L,1850.623,68.066
L,1840.629,68.677
L,1830.626,69.159
L,1820.614,69.508
L,1809.756,69.732
L,1799.727,69.79
L,1789.695,69.695
L,1779.665,69.437
L,1769.643,69.007
L,1759.634,68.394
L,1749.644,67.587
L,1739.678,66.577
L,1729.741,65.353
L,1719.838,63.905
L,1709.976,62.223
L,1699.776,60.216
L,1690.011,58.028
L,1680.302,55.593
L,1670.652,52.922
L,1661.066,50.023
L,1651.548,46.905
L,1642.102,43.578
L,1628.484,38.376
L,1619.23,34.577
L,1610.043,30.626
L,1600.907,26.559
L,1591.807,22.412
L,1580.436,17.16
M,960.622,874.848
L,962.257,878.368
L,963.889,881.889
L,965.514,885.413
L,967.13,888.941
L,968.734,892.476
L,972.79,901.619
L,976.711,910.82
L,980.468,920.09
L,984.03,929.439
L,988.078,940.992
L,991.093,950.547
L,993.774,960.202
L,996.05,969.957
L,997.85,979.812
L,999.31,992.16
L,999.746,1000.576
L,999.663,1009.007
L,998.987,1017.394
L,997.646,1025.682
L,995.566,1033.812
L,993.814,1038.895
L,991.702,1043.841
L,989.203,1048.601
L,986.288,1053.127
L,982.93,1057.368
L,978.869,1061.495
L,974.348,1065.143
L,969.44,1068.211
L,964.217,1070.593
L,958.75,1072.188
L,953.29,1072.914
L,947.75,1072.884
L,942.209,1072.179
L,936.749,1070.88
L,931.45,1069.068
L,924.494,1065.853
L,917.949,1061.943
L,911.761,1057.473
L,905.879,1052.576
L,900.25,1047.384
L,894.201,1041.354
L,888.424,1035.101
L,882.943,1028.602
L,877.777,1021.836
L,872.95,1014.78
L,868.883,1008.083
L,865.248,1001.137
L,862.181,993.951
L,859.816,986.536
L,858.286,978.9
L,857.691,970.066
L,858.283,961.162
L,860.014,952.384
L,862.839,943.931
L,866.71,936
L,870.908,929.6
L,875.743,923.672
L,881.084,918.136
L,886.8,912.912
L,892.762,907.92
L,900.303,902.01
L,908.05,896.446
L,916.036,891.34
L,924.293,886.807
L,932.854,882.96
L,938.256,880.977
L,943.76,879.235
L,949.338,877.672
L,954.968,876.23
L,960.622,874.848
M,932.854,811.824
L,927.682,813.029
L,922.523,814.275
L,917.393,815.606
L,912.304,817.063
L,907.27,818.688
L,901.44,820.853
L,895.704,823.277
L,890.058,825.929
L,884.503,828.778
L,879.034,831.792
L,872.343,835.739
L,865.783,839.887
L,859.356,844.23
L,853.061,848.762
L,846.898,853.476
L,840.736,858.478
L,834.726,863.664
L,828.879,869.031
L,823.208,874.579
L,817.726,880.308
L,814.22,884.177
L,810.785,888.108
L,807.401,892.086
L,804.053,896.095
L,800.722,900.12
L,795.713,892.284
L,790.716,884.441
L,785.743,876.586
L,780.806,868.71
L,775.918,860.808
L,770.725,852.272
L,765.601,843.698
L,760.544,835.083
L,755.553,826.428
L,750.628,817.73
L,745.766,808.99
L,740.967,800.207
L,736.229,791.379
L,731.302,782.028
L,726.69,773.105
L,722.159,764.134
L,717.729,755.112
L,713.423,746.036
L,709.261,736.903
L,705.266,727.713
L,701.459,718.461
L,697.861,709.146
L,694.493,699.765
L,690.742,688.272
L,687.958,678.735
L,685.452,669.113
L,683.224,659.392
L,681.271,649.559
L,678.886,634.764
L,677.688,624.729
L,677.11,614.667
L,677.507,604.692
L,679.229,594.921
L,682.63,585.468
L,685.984,579.413
L,690.141,573.815
L,694.991,568.935
L,700.428,565.036
L,706.342,562.38
L,713.351,561.092
L,720.654,561.354
L,728.088,562.853
L,735.488,565.275
L,742.69,568.308
L,751.191,572.556
L,759.199,577.235
L,766.777,582.318
L,773.993,587.775
L,780.91,593.58
L,788.185,600.275
L,795.21,607.303
L,802.011,614.617
L,808.614,622.171
L,815.045,629.917
L,821.331,637.809
L,829.426,648.336
L,835.474,656.394
L,841.438,664.491
L,847.32,672.627
L,853.121,680.804
L,858.84,689.022
L,864.479,697.283
L,870.038,705.587
L,875.519,713.935
L,880.921,722.328
L,886.245,730.767
L,891.493,739.253
L,896.665,747.787
L,903.994,760.188
L,908.984,768.842
L,913.913,777.537
L,918.792,786.266
L,923.635,795.019
L,928.454,803.789
L,932.854,811.824
M,2005.042,951.288
L,2008.496,957.963
L,2011.913,964.647
L,2015.257,971.347
L,2018.491,978.071
L,2021.578,984.828
L,2024.554,991.779
L,2027.37,998.799
L,2030.054,1005.917
L,2032.637,1013.159
L,2035.15,1020.552
L,2037.109,1026.684
L,2038.737,1032.887
L,2039.728,1039.112
L,2039.778,1045.313
L,2038.582,1051.44
L,2037.542,1054.195
L,2036.194,1056.834
L,2034.555,1059.265
L,2032.641,1061.397
L,2030.47,1063.14
L,2026.026,1065.124
L,2021.039,1065.822
L,2015.731,1065.48
L,2010.324,1064.348
L,2005.042,1062.672
L,1998.795,1060.09
L,1992.998,1057.106
L,1987.549,1053.791
L,1982.342,1050.214
L,1977.274,1046.448
L,1969.494,1040.341
L,1961.818,1033.972
L,1954.262,1027.372
L,1946.845,1020.569
L,1939.366,1013.376
L,1932.284,1006.247
L,1925.367,998.984
L,1918.607,991.593
L,1911.993,984.084
L,1905.514,976.465
L,1899.161,968.744
L,1892.922,960.931
L,1886.789,953.032
L,1880.751,945.057
L,1874.626,936.78
L,1868.751,928.675
L,1862.952,920.513
L,1857.229,912.295
L,1851.585,904.022
L,1846.02,895.697
L,1840.537,887.321
L,1835.135,878.896
L,1829.817,870.424
L,1824.584,861.906
L,1819.437,853.343
L,1813.474,843.18
L,1808.519,834.527
L,1803.646,825.833
L,1798.851,817.1
L,1794.128,808.327
L,1789.469,799.514
L,1784.87,790.662
L,1780.324,781.771
L,1775.825,772.841
L,1771.368,763.873
L,1766.946,754.866
L,1762.553,745.822
L,1758.184,736.739
L,1755.598,731.328
L,1751.26,722.188
L,1746.965,713.019
L,1742.745,703.831
L,1738.628,694.632
L,1734.645,685.433
L,1730.826,676.241
L,1727.2,667.066
L,1723.774,657.852
L,1720.856,649.34
L,1718.302,640.694
L,1716.255,631.748
L,1714.859,622.338
L,1714.258,612.3
L,1714.606,601.677
L,1716.113,591.131
L,1719.006,581.529
L,1723.512,573.737
L,1729.858,568.62
L,1735.623,566.978
L,1742.135,566.891
L,1749.072,568.076
L,1756.111,570.254
L,1762.93,573.144
L,1772.24,578.325
L,1780.529,584.325
L,1787.994,590.992
L,1794.832,598.176
L,1801.242,605.726
L,1809.418,616.044
L,1815.558,623.892
L,1821.698,631.771
L,1827.808,639.695
L,1833.857,647.677
L,1839.813,655.731
L,1845.645,663.871
L,1848.73,668.304
L,1854.321,676.6
L,1859.764,684.989
L,1865.082,693.458
L,1870.297,701.991
L,1875.432,710.574
L,1880.51,719.193
L,1888.042,732.108
L,2005.042,951.288
M,2291.926,1157.364
L,2011.594,626.184
L,2009.965,622.225
L,2008.298,618.234
L,2006.557,614.179
L,2004.704,610.028
L,2002.702,605.748
L,1999.998,600.133
L,1997.533,594.412
L,1995.842,588.738
L,1995.462,583.262
L,1996.93,578.136
L,1998.083,576.302
L,1999.529,574.605
L,2001.21,573.107
L,2003.067,571.871
L,2005.042,570.96
L,2009.045,570.232
L,2013.173,570.687
L,2017.328,572.053
L,2021.41,574.055
L,2025.322,576.42
L,2029.76,579.477
L,2033.878,582.648
L,2037.759,585.912
L,2041.483,589.251
L,2045.134,592.644
L,2052.255,599.376
L,2059.383,606.236
L,2066.498,613.221
L,2073.577,620.325
L,2080.6,627.543
L,2087.543,634.871
L,2094.385,642.304
L,2098.954,647.4
L,2105.582,655
L,2112.073,662.696
L,2118.427,670.486
L,2124.645,678.369
L,2130.727,686.343
L,2136.673,694.407
L,2142.484,702.56
L,2148.159,710.799
L,2153.7,719.124
L,2159.107,727.532
L,2164.379,736.022
L,2169.517,744.594
L,2174.522,753.244
L,2178.67,760.656
L,2181.178,765.248
L,2183.658,769.858
L,2186.115,774.479
L,2188.558,779.11
L,2190.994,783.744
L,2258.386,782.808
L,2253.806,774.491
L,2249.216,766.178
L,2244.608,757.875
L,2239.972,749.584
L,2235.298,741.312
L,2230.328,732.626
L,2225.303,723.968
L,2220.222,715.341
L,2215.082,706.748
L,2209.88,698.192
L,2204.613,689.677
L,2199.28,681.206
L,2193.878,672.781
L,2188.404,664.406
L,2182.856,656.084
L,2177.231,647.818
L,2171.528,639.61
L,2165.742,631.466
L,2162.602,627.12
L,2156.687,619.076
L,2150.688,611.098
L,2144.605,603.185
L,2138.44,595.336
L,2132.194,587.549
L,2125.868,579.825
L,2119.464,572.161
L,2112.981,564.557
L,2106.421,557.012
L,2099.786,549.524
L,2093.076,542.093
L,2086.293,534.717
L,2079.437,527.396
L,2072.51,520.128
L,2065.513,512.913
L,2058.446,505.749
L,2048.878,496.236
L,2041.652,489.192
L,2034.352,482.216
L,2026.97,475.328
L,2019.499,468.546
L,2011.931,461.891
L,2004.259,455.382
L,1996.475,449.038
L,1988.571,442.879
L,1980.54,436.923
L,1972.375,431.19
L,1964.067,425.7
L,1955.61,420.472
L,1947.946,416.052
L,1939.184,411.374
L,1930.242,407.025
L,1921.105,403.038
L,1911.757,399.444
L,1902.182,396.273
L,1889.914,392.964
L,1879.798,390.888
L,1869.558,389.504
L,1859.333,389.012
L,1849.26,389.609
L,1839.478,391.494
L,1832.35,393.9
L,1823.969,398.123
L,1816.194,403.59
L,1809.162,410.114
L,1803.009,417.503
L,1797.874,425.568
L,1793.759,434.367
L,1790.735,443.563
L,1788.677,453.039
L,1787.458,462.679
L,1786.954,472.368
L,1786.945,478.548
L,1787.13,484.705
L,1787.459,490.846
L,1787.884,496.976
L,1788.358,503.1
L,1782.401,497.322
L,1776.429,491.562
L,1770.423,485.835
L,1764.369,480.16
L,1758.25,474.552
L,1750.77,467.906
L,1743.168,461.396
L,1735.439,455.034
L,1727.58,448.833
L,1719.587,442.804
L,1711.454,436.961
L,1703.179,431.315
L,1693.51,425.1
L,1684.913,419.929
L,1676.147,415.049
L,1667.197,410.53
L,1658.046,406.439
L,1648.678,402.844
L,1639.076,399.813
L,1631.734,397.956
L,1621.704,396.075
L,1611.519,394.946
L,1601.285,394.639
L,1591.11,395.224
L,1581.102,396.771
L,1571.368,399.348
L,1563.562,402.324
L,1554.604,406.937
L,1546.205,412.585
L,1538.456,419.147
L,1531.446,426.499
L,1524.562,435.552
L,1519.392,444.185
L,1515.084,453.264
L,1511.572,462.706
L,1508.789,472.425
L,1506.668,482.338
L,1504.75,495.768
L,1503.926,505.816
L,1503.583,515.851
L,1503.698,525.864
L,1504.244,535.848
L,1505.686,549.744
L,1506.836,557.645
L,1508.176,565.52
L,1509.658,573.376
L,1511.236,581.219
L,1512.862,589.056
L,1505.575,582.203
L,1498.281,575.36
L,1490.969,568.536
L,1483.633,561.739
L,1476.264,554.979
L,1468.854,548.266
L,1461.394,541.608
L,1457.17,537.888
L,1449.617,531.335
L,1442.001,524.855
L,1434.319,518.452
L,1426.571,512.129
L,1418.753,505.889
L,1410.866,499.736
L,1402.907,493.672
L,1394.875,487.701
L,1386.768,481.827
L,1378.585,476.052
L,1370.325,470.38
L,1362.322,465.036
L,1353.904,459.577
L,1345.403,454.241
L,1336.816,449.042
L,1328.14,443.995
L,1319.373,439.113
L,1310.512,434.41
L,1301.554,429.901
L,1292.497,425.6
L,1283.339,421.52
L,1274.076,417.677
L,1264.706,414.082
L,1255.226,410.752
L,1243.294,407.004
L,1233.562,404.322
L,1223.733,401.98
L,1213.824,400.024
L,1203.854,398.5
L,1193.841,397.452
L,1183.804,396.926
L,1173.759,396.967
L,1163.726,397.621
L,1157.026,398.424
L,1147.06,400.192
L,1137.196,402.635
L,1127.496,405.739
L,1118.022,409.491
L,1108.833,413.878
L,1099.992,418.887
L,1091.559,424.504
L,1083.596,430.715
L,1079.182,434.616
L,1072.076,441.735
L,1065.529,449.372
L,1059.534,457.471
L,1054.083,465.976
L,1049.17,474.832
L,1044.786,483.984
L,1040.924,493.375
L,1037.53,503.1
L,1034.698,512.811
L,1032.362,522.628
L,1030.506,532.533
L,1029.12,542.504
L,1028.188,552.522
L,1027.699,562.565
L,1027.639,572.615
L,1027.996,582.65
L,1028.638,591.396
L,1029.737,601.353
L,1031.199,611.257
L,1032.999,621.105
L,1035.107,630.898
L,1037.496,640.633
L,1040.139,650.309
L,1043.008,659.926
L,1047.514,673.764
L,1050.824,683.229
L,1054.285,692.632
L,1057.892,701.976
L,1061.637,711.261
L,1065.515,720.489
L,1069.518,729.662
L,1073.639,738.782
L,1077.873,747.849
L,1082.213,756.866
L,1086.651,765.834
L,1091.182,774.755
L,1097.59,787.02
L,1100.549,792.563
L,1103.532,798.092
L,1106.533,803.611
L,1109.547,809.123
L,1112.566,814.632
L,1109.855,813.964
L,1107.143,813.3
L,1104.43,812.641
L,1101.714,811.992
L,1098.994,811.356
L,1090.734,809.528
L,1082.437,807.871
L,1074.104,806.41
L,1065.738,805.171
L,1057.342,804.18
L,1048.695,803.439
L,1040.026,802.957
L,1031.345,802.706
L,1022.658,802.655
L,1013.974,802.776
L,1011.04,802.85
L,1008.106,802.937
L,1005.174,803.034
L,1002.242,803.137
L,999.31,803.244
L,996.243,796.901
L,993.171,790.56
L,990.088,784.224
L,986.988,777.895
L,983.866,771.576
L,979.389,762.629
L,974.855,753.709
L,970.261,744.818
L,965.606,735.957
L,960.887,727.13
L,956.103,718.339
L,951.251,709.585
L,946.329,700.871
L,941.336,692.198
L,936.269,683.571
L,931.126,674.989
L,925.905,666.457
L,920.605,657.975
L,915.223,649.546
L,912.106,644.748
L,906.592,636.407
L,900.993,628.122
L,895.311,619.895
L,889.545,611.726
L,883.697,603.614
L,877.766,595.56
L,871.754,587.565
L,865.661,579.629
L,859.488,571.752
L,853.235,563.934
L,846.902,556.177
L,840.491,548.479
L,834.002,540.842
L,827.435,533.266
L,820.792,525.751
L,815.854,520.26
L,809.076,512.854
L,802.214,505.524
L,795.26,498.284
L,788.203,491.148
L,781.037,484.129
L,773.752,477.243
L,766.341,470.503
L,758.794,463.923
L,751.104,457.517
L,743.261,451.299
L,735.258,445.284
L,724.75,437.892
L,716.35,432.395
L,707.769,427.165
L,699.009,422.237
L,690.069,417.645
L,680.949,413.421
L,671.649,409.6
L,662.169,406.216
L,652.509,403.301
L,642.67,400.889
L,637.39,399.828
L,627.287,398.252
L,617.071,397.266
L,606.808,396.907
L,596.565,397.21
L,586.407,398.211
L,576.403,399.945
L,566.617,402.449
L,557.117,405.758
L,548.158,409.812
L,539.414,414.801
L,531.126,420.589
L,523.332,427.1
L,516.072,434.255
L,509.383,441.978
L,503.305,450.193
L,497.876,458.821
L,494.026,465.972
L,489.85,475.159
L,486.35,484.587
L,483.481,494.221
L,481.201,504.026
L,479.465,513.967
L,478.231,524.01
L,477.454,534.12
L,477.091,544.261
L,477.178,557.856
L,477.619,567.942
L,478.355,577.979
L,479.372,587.969
L,480.653,597.913
L,482.182,607.812
L,483.944,617.666
L,485.922,627.477
L,488.101,637.247
L,490.464,646.975
L,492.996,656.664
L,495.681,666.314
L,497.302,671.892
L,500.199,681.483
L,503.222,691.036
L,506.37,700.549
L,509.641,710.022
L,513.034,719.453
L,516.548,728.84
L,520.18,738.184
L,523.931,747.481
L,527.797,756.732
L,531.778,765.934
L,535.872,775.087
L,540.078,784.189
L,544.395,793.239
L,548.82,802.237
L,553.352,811.179
L,557.991,820.066
L,562.733,828.896
L,567.579,837.667
L,573.742,848.484
L,578.813,857.121
L,583.983,865.697
L,589.248,874.212
L,594.608,882.666
L,600.061,891.061
L,605.604,899.395
L,611.236,907.67
L,616.956,915.885
L,622.761,924.04
L,628.65,932.136
L,634.621,940.173
L,640.672,948.151
L,646.802,956.07
L,653.008,963.931
L,659.289,971.734
L,665.643,979.478
L,672.334,987.48
L,678.833,995.105
L,685.404,1002.667
L,692.054,1010.16
L,698.785,1017.578
L,705.601,1024.915
L,712.506,1032.166
L,719.505,1039.324
L,726.601,1046.385
L,733.799,1053.342
L,741.101,1060.189
L,748.514,1066.921
L,756.039,1073.532
L,763.681,1080.017
L,774.202,1088.568
L,782.136,1094.73
L,790.197,1100.734
L,798.389,1106.562
L,806.712,1112.196
L,815.168,1117.619
L,823.759,1122.811
L,832.485,1127.756
L,841.35,1132.436
L,850.354,1136.832
L,859.498,1140.927
L,867.646,1144.26
L,877.058,1147.738
L,886.603,1150.851
L,896.271,1153.566
L,906.051,1155.853
L,915.933,1157.68
L,925.907,1159.016
L,935.962,1159.83
L,950.794,1160.016
L,960.986,1159.403
L,971.115,1158.107
L,981.065,1156.045
L,990.717,1153.131
L,999.954,1149.283
L,1007.422,1145.196
L,1015.594,1139.43
L,1023.102,1132.713
L,1029.914,1125.183
L,1035.999,1116.98
L,1041.326,1108.243
L,1046.11,1098.552
L,1049.793,1089.135
L,1052.722,1079.512
L,1054.966,1069.721
L,1056.595,1059.805
L,1057.679,1049.803
L,1058.285,1039.756
L,1058.434,1034.592
L,1058.442,1024.55
L,1058.096,1014.53
L,1057.412,1004.538
L,1056.408,994.579
L,1055.101,984.66
L,1053.13,972.66
L,1051.215,962.846
L,1049.058,953.081
L,1046.681,943.364
L,1044.106,933.692
L,1041.356,924.064
L,1038.452,914.477
L,1035.417,904.93
L,1032.274,895.42
L,1029.574,887.484
L,1028.093,883.201
L,1026.601,878.924
L,1025.101,874.651
L,1023.595,870.381
L,1022.086,866.112
L,1026.988,866.416
L,1031.889,866.737
L,1036.788,867.094
L,1041.685,867.504
L,1046.578,867.984
L,1056.521,869.228
L,1066.426,870.843
L,1076.271,872.835
L,1086.035,875.208
L,1095.698,877.97
L,1105.239,881.124
L,1114.637,884.678
L,1124.422,888.888
L,1133.461,893.279
L,1142.298,898.065
L,1150.917,903.231
L,1159.301,908.761
L,1167.435,914.641
L,1175.301,920.855
L,1182.922,927.42
L,1190.215,934.251
L,1197.256,941.337
L,1204.091,948.631
L,1210.766,956.086
L,1217.33,963.652
L,1223.828,971.284
L,1233.466,982.644
L,1239.998,990.238
L,1246.585,997.775
L,1253.234,1005.251
L,1259.949,1012.662
L,1266.734,1020.004
L,1273.596,1027.274
L,1280.539,1034.468
L,1287.568,1041.583
L,1294.689,1048.613
L,1300.858,1054.56
L,1308.16,1061.424
L,1315.567,1068.184
L,1323.082,1074.828
L,1330.709,1081.343
L,1338.451,1087.717
L,1346.313,1093.936
L,1354.298,1099.987
L,1362.411,1105.859
L,1370.654,1111.538
L,1379.032,1117.012
L,1387.282,1122.108
L,1395.935,1127.14
L,1404.728,1131.93
L,1413.656,1136.465
L,1422.719,1140.733
L,1431.912,1144.723
L,1441.233,1148.423
L,1450.679,1151.82
L,1458.106,1154.244
L,1467.765,1157.068
L,1477.53,1159.521
L,1487.387,1161.555
L,1497.322,1163.123
L,1507.322,1164.178
L,1517.373,1164.672
L,1527.46,1164.557
L,1541.566,1163.292
L,1551.661,1161.527
L,1561.604,1158.985
L,1571.237,1155.611
L,1580.405,1151.35
L,1588.951,1146.148
L,1595.386,1141.14
L,1602.429,1134.117
L,1608.587,1126.204
L,1613.882,1117.556
L,1618.336,1108.325
L,1621.971,1098.663
L,1624.808,1088.724
L,1626.586,1080.3
L,1628.019,1070.227
L,1628.738,1060.171
L,1628.79,1050.144
L,1628.219,1040.159
L,1627.068,1030.229
L,1626.118,1024.296
L,1624.131,1014.48
L,1621.665,1004.755
L,1618.744,995.137
L,1615.397,985.644
L,1611.65,976.291
L,1607.529,967.096
L,1603.061,958.073
L,1595.854,945.048
L,1590.63,936.528
L,1585.083,928.241
L,1579.172,920.207
L,1572.855,912.443
L,1566.091,904.968
L,1559.974,898.872
L,1552.279,892.031
L,1544.062,885.83
L,1535.326,880.584
L,1526.073,876.61
L,1513.798,873.912
L,1503.729,873.859
L,1493.642,875.598
L,1484.002,879.032
L,1475.278,884.067
L,1467.934,890.604
L,1462.22,898.72
L,1458.286,907.974
L,1455.972,918.024
L,1455.118,928.531
L,1455.565,939.154
L,1456.702,947.232
L,1459.078,957.286
L,1462.395,966.874
L,1466.573,976.013
L,1471.535,984.722
L,1477.202,993.022
L,1484.002,1001.52
L,1490.859,1008.977
L,1498.206,1015.953
L,1505.992,1022.337
L,1514.17,1028.015
L,1522.69,1032.876
L,1527.73,1035.264
L,1532.908,1037.378
L,1538.264,1039.249
L,1543.841,1040.909
L,1549.678,1042.392
L,1553.13,1043.2
L,1556.518,1044.117
L,1559.677,1045.301
L,1562.444,1046.909
L,1564.654,1049.1
L,1565.798,1051.053
L,1566.578,1053.27
L,1566.989,1055.651
L,1567.026,1058.091
L,1566.682,1060.488
L,1565.152,1064.428
L,1562.634,1067.854
L,1559.368,1070.714
L,1555.593,1072.956
L,1551.55,1074.528
L,1545.13,1075.604
L,1538.697,1075.234
L,1532.307,1073.734
L,1526.016,1071.418
L,1519.882,1068.6
L,1510.757,1063.782
L,1502.079,1058.557
L,1493.784,1052.966
L,1485.809,1047.054
L,1478.09,1040.863
L,1470.742,1034.592
L,1463.351,1027.971
L,1456.089,1021.168
L,1448.952,1014.195
L,1441.939,1007.064
L,1435.047,999.788
L,1428.275,992.378
L,1421.62,984.847
L,1415.081,977.207
L,1408.655,969.469
L,1402.414,961.74
L,1396.206,953.843
L,1390.106,945.875
L,1384.111,937.837
L,1378.22,929.73
L,1372.432,921.557
L,1366.743,913.319
L,1361.154,905.018
L,1355.661,896.655
L,1350.264,888.232
L,1344.961,879.75
L,1339.75,871.212
L,1334.628,862.618
L,1329.596,853.971
L,1324.65,845.272
L,1319.79,836.522
L,1315.522,828.672
L,1310.818,819.832
L,1306.195,810.947
L,1301.651,802.019
L,1297.186,793.051
L,1292.798,784.044
L,1288.485,775
L,1284.248,765.922
L,1280.083,756.813
L,1275.991,747.673
L,1271.969,738.506
L,1268.017,729.313
L,1264.134,720.097
L,1260.318,710.859
L,1256.568,701.603
L,1252.883,692.33
L,1249.534,683.748
L,1245.982,674.443
L,1242.568,665.099
L,1239.365,655.686
L,1236.447,646.179
L,1233.89,636.549
L,1231.769,626.77
L,1230.156,616.813
L,1229.128,606.652
L,1228.786,593.112
L,1229.399,582.442
L,1230.94,571.872
L,1233.586,561.767
L,1237.508,552.494
L,1246.102,541.008
L,1253.868,535.319
L,1262.955,531.246
L,1272.971,528.66
L,1283.525,527.434
L,1294.227,527.437
L,1299.922,527.904
L,1310.161,529.549
L,1319.995,532.102
L,1329.473,535.437
L,1338.642,539.431
L,1347.553,543.958
L,1356.253,548.894
L,1362.79,552.864
L,1371.231,558.237
L,1379.553,563.786
L,1387.765,569.5
L,1395.871,575.365
L,1403.88,581.368
L,1411.796,587.497
L,1419.628,593.739
L,1427.381,600.081
L,1435.062,606.511
L,1444.378,614.484
L,1451.922,621.065
L,1459.414,627.7
L,1466.857,634.386
L,1474.256,641.117
L,1481.615,647.89
L,1488.937,654.701
L,1496.229,661.544
L,1503.493,668.415
L,1510.734,675.309
L,1517.956,682.223
L,1525.165,689.152
L,1532.363,696.092
L,1542.034,705.432
L,1545.587,712.161
L,1549.148,718.884
L,1552.728,725.597
L,1556.333,732.295
L,1559.974,738.972
L,1564.825,747.711
L,1569.749,756.407
L,1574.746,765.059
L,1579.813,773.671
L,1584.949,782.242
L,1590.151,790.773
L,1595.417,799.267
L,1600.746,807.723
L,1606.136,816.143
L,1611.585,824.528
L,1617.091,832.879
L,1622.651,841.196
L,1628.265,849.482
L,1633.93,857.737
L,1639.645,865.963
L,1645.406,874.159
L,1651.214,882.328
L,1657.065,890.47
L,1662.957,898.587
L,1668.89,906.679
L,1677.442,918.216
L,1683.464,926.252
L,1689.525,934.263
L,1695.627,942.242
L,1701.774,950.188
L,1707.969,958.094
L,1714.216,965.958
L,1720.517,973.774
L,1726.876,981.539
L,1733.297,989.248
L,1739.782,996.897
L,1746.335,1004.482
L,1752.959,1011.999
L,1759.657,1019.443
L,1766.433,1026.81
L,1773.29,1034.097
L,1780.23,1041.298
L,1787.258,1048.409
L,1794.377,1055.427
L,1801.589,1062.347
L,1808.899,1069.164
L,1816.309,1075.876
L,1825.642,1084.044
L,1833.289,1090.5
L,1841.051,1096.823
L,1848.933,1102.998
L,1856.943,1109.009
L,1865.087,1114.838
L,1873.372,1120.47
L,1881.804,1125.889
L,1890.39,1131.078
L,1899.137,1136.021
L,1908.051,1140.702
L,1921.114,1146.912
L,1930.458,1150.88
L,1939.966,1154.49
L,1949.617,1157.685
L,1959.391,1160.408
L,1969.268,1162.602
L,1979.229,1164.211
L,1989.252,1165.179
L,1999.319,1165.447
L,2013.466,1164.54
L,2023.534,1162.907
L,2033.459,1160.424
L,2043.1,1157.078
L,2052.319,1152.853
L,2060.977,1147.736
L,2068.69,1141.92
L,2073.107,1137.889
L,2077.284,1133.591
L,2081.28,1129.094
L,2085.155,1124.464
L,2088.97,1119.768
L,2108.314,1157.364
L,2291.926,1157.364
M,2276.976,988.884
L,2366.52,1155.024
L,2568.54,1155.024
L,2478.372,988.884
L,2276.976,988.884
M,3395.678,1400.1
L,3387.55,1394.282
L,3379.429,1388.452
L,3371.325,1382.596
L,3363.247,1376.702
L,3355.201,1370.757
L,3347.942,1365.312
L,3339.983,1359.236
L,3332.08,1353.082
L,3324.239,1346.845
L,3316.467,1340.522
L,3308.77,1334.11
L,3301.155,1327.604
L,3293.628,1321.001
L,3286.197,1314.297
L,3278.867,1307.489
L,3271.645,1300.573
L,3264.538,1293.545
L,3259.334,1288.248
L,3252.441,1281.018
L,3245.675,1273.67
L,3239.038,1266.206
L,3232.529,1258.627
L,3226.151,1250.932
L,3219.904,1243.124
L,3213.789,1235.202
L,3207.808,1227.168
L,3201.961,1219.023
L,3196.25,1210.766
L,3190.676,1202.4
L,3185.239,1193.925
L,3179.941,1185.341
L,3176.186,1179.048
L,3171.132,1170.28
L,3166.229,1161.416
L,3161.488,1152.463
L,3156.92,1143.433
L,3152.537,1134.335
L,3148.348,1125.178
L,3144.366,1115.973
L,3140.6,1106.729
L,3137.061,1097.455
L,3133.761,1088.162
L,3130.478,1078.116
L,3127.714,1068.795
L,3125.249,1059.37
L,3123.124,1049.738
L,3121.376,1039.795
L,3119.714,1026.012
L,3119.056,1015.053
L,3119.28,1004.083
L,3120.798,993.644
L,3124.024,984.28
L,3130.634,975.312
L,3135.406,971.831
L,3140.938,969.164
L,3147,967.269
L,3153.365,966.108
L,3159.806,965.64
L,3170.023,966.248
L,3179.853,968.369
L,3189.31,971.791
L,3198.409,976.301
L,3207.166,981.684
L,3215.596,987.729
L,3226.262,996.372
L,3233.991,1003.165
L,3241.444,1010.119
L,3248.636,1017.229
L,3255.583,1024.489
L,3262.301,1031.895
L,3268.806,1039.441
L,3275.112,1047.122
L,3281.235,1054.933
L,3287.192,1062.868
L,3295.526,1074.528
L,3301.139,1082.745
L,3306.623,1091.069
L,3311.979,1099.495
L,3317.209,1108.017
L,3322.311,1116.63
L,3327.287,1125.33
L,3332.137,1134.111
L,3336.862,1142.967
L,3341.461,1151.895
L,3345.936,1160.889
L,3350.286,1169.943
L,3354.512,1179.053
L,3358.616,1188.214
L,3363.074,1198.548
L,3366.915,1207.801
L,3370.621,1217.098
L,3374.18,1226.446
L,3377.581,1235.849
L,3380.81,1245.312
L,3383.855,1254.839
L,3386.704,1264.438
L,3389.126,1273.272
L,3391.564,1283.016
L,3393.75,1292.829
L,3395.655,1302.699
L,3397.246,1312.614
L,3398.492,1322.563
L,3399.362,1332.534
L,3399.823,1342.516
L,3399.89,1348.464
L,3399.655,1358.441
L,3399.049,1368.411
L,3398.162,1378.377
L,3397.081,1388.339
L,3395.678,1400.1
M,2852.954,440.076
L,2848.801,437.807
L,2844.649,435.535
L,2840.498,433.26
L,2836.35,430.978
L,2832.206,428.688
L,2823.468,423.813
L,2814.764,418.872
L,2806.11,413.846
L,2797.521,408.714
L,2789.011,403.457
L,2780.597,398.055
L,2772.302,392.496
L,2764.119,386.752
L,2756.056,380.836
L,2748.108,374.761
L,2740.269,368.539
L,2732.534,362.181
L,2724.899,355.701
L,2717.357,349.111
L,2709.903,342.422
L,2704.286,337.272
L,2696.975,330.439
L,2689.733,323.54
L,2682.549,316.584
L,2675.412,309.581
L,2668.312,302.542
L,2659.046,293.28
L,2654.391,288.607
L,2649.74,283.929
L,2645.092,279.248
L,2640.447,274.565
L,2635.802,269.88
L,2635.504,278.643
L,2635.234,287.408
L,2635.019,296.174
L,2634.887,304.943
L,2634.866,313.716
L,2635.006,323.725
L,2635.325,333.736
L,2635.826,343.744
L,2636.509,353.745
L,2637.373,363.735
L,2638.421,373.71
L,2639.652,383.664
L,2641.068,393.595
L,2642.668,403.496
L,2644.453,413.365
L,2646.425,423.197
L,2648.583,432.987
L,2651.402,444.6
L,2653.971,454.284
L,2656.725,463.915
L,2659.661,473.492
L,2662.774,483.012
L,2666.063,492.474
L,2669.522,501.877
L,2673.151,511.219
L,2676.944,520.497
L,2680.898,529.71
L,2685.011,538.857
L,2689.279,547.936
L,2693.698,556.945
L,2698.266,565.882
L,2701.946,572.832
L,2706.771,581.637
L,2711.74,590.361
L,2716.855,598.998
L,2722.118,607.544
L,2727.531,615.992
L,2733.094,624.336
L,2738.811,632.571
L,2744.682,640.69
L,2750.709,648.688
L,2756.895,656.56
L,2763.24,664.299
L,2769.747,671.899
L,2774.174,676.884
L,2780.954,684.241
L,2787.897,691.445
L,2795.003,698.491
L,2802.27,705.375
L,2809.698,712.092
L,2817.284,718.636
L,2825.029,725.003
L,2832.931,731.189
L,2840.99,737.188
L,2850.614,743.964
L,2859.008,749.537
L,2867.556,754.881
L,2876.26,759.964
L,2885.119,764.752
L,2894.135,769.214
L,2903.309,773.316
L,2912.641,777.028
L,2922.131,780.316
L,2931.782,783.148
L,2942.186,785.616
L,2952.159,787.406
L,2962.242,788.638
L,2972.385,789.276
L,2982.538,789.284
L,2992.65,788.628
L,3002.67,787.271
L,3012.548,785.178
L,3025.646,781.092
L,3034.985,777.136
L,3043.995,772.41
L,3052.606,766.962
L,3060.75,760.841
L,3068.358,754.097
L,3075.363,746.778
L,3083.678,736.164
L,3089.022,727.695
L,3093.649,718.823
L,3097.605,709.602
L,3100.938,700.089
L,3103.693,690.338
L,3105.918,680.407
L,3107.661,670.35
L,3108.966,660.223
L,3109.73,652.08
L,3110.361,641.958
L,3110.653,631.867
L,3110.619,621.81
L,3110.271,611.786
L,3109.623,601.798
L,3108.687,591.847
L,3107.477,581.934
L,3106.005,572.061
L,3103.958,560.508
L,3101.961,550.725
L,3099.743,540.984
L,3097.316,531.287
L,3094.691,521.633
L,3091.881,512.024
L,3088.897,502.458
L,3085.753,492.938
L,3082.459,483.463
L,3079.028,474.033
L,3075.471,464.65
L,3071.51,454.584
L,3067.73,445.298
L,3063.85,436.059
L,3059.869,426.868
L,3055.788,417.725
L,3051.607,408.632
L,3047.325,399.588
L,3042.943,390.595
L,3038.46,381.652
L,3033.877,372.761
L,3029.193,363.922
L,3024.408,355.135
L,3019.522,346.401
L,3014.536,337.72
L,3010.046,330.096
L,3004.869,321.518
L,2999.592,312.998
L,2994.212,304.537
L,2988.732,296.139
L,2983.15,287.807
L,2977.466,279.543
L,2971.679,271.35
L,2965.791,263.23
L,2959.801,255.187
L,2953.708,247.223
L,2947.512,239.341
L,2941.213,231.543
L,2934.812,223.833
L,2928.307,216.213
L,2921.699,208.686
L,2914.988,201.254
L,2908.172,193.92
L,2900.69,186.108
L,2893.658,178.987
L,2886.523,171.973
L,2879.285,165.065
L,2871.944,158.267
L,2864.501,151.58
L,2856.955,145.006
L,2849.308,138.547
L,2841.56,132.204
L,2833.711,125.98
L,2825.761,119.876
L,2817.711,113.893
L,2809.562,108.034
L,2801.314,102.301
L,2792.967,96.695
L,2784.521,91.218
L,2778.386,87.36
L,2769.773,82.11
L,2761.063,77.002
L,2752.261,72.043
L,2743.367,67.242
L,2734.384,62.608
L,2725.313,58.15
L,2716.158,53.876
L,2706.919,49.796
L,2697.6,45.917
L,2688.202,42.249
L,2678.728,38.8
L,2669.179,35.579
L,2659.558,32.595
L,2649.867,29.857
L,2640.108,27.372
L,2630.282,25.151
L,2620.393,23.2
L,2610.442,21.531
L,2600.432,20.15
L,2588.222,18.876
L,2578.09,18.165
L,2567.922,17.772
L,2557.735,17.705
L,2547.55,17.973
L,2537.384,18.585
L,2527.256,19.551
L,2517.184,20.879
L,2507.188,22.578
L,2497.286,24.657
L,2487.496,27.126
L,2477.836,29.993
L,2468.327,33.267
L,2458.985,36.957
L,2446.106,42.9
L,2437.245,47.627
L,2428.606,52.773
L,2420.197,58.317
L,2412.028,64.241
L,2404.106,70.524
L,2396.441,77.146
L,2389.042,84.089
L,2381.916,91.332
L,2375.074,98.855
L,2368.523,106.64
L,2362.273,114.667
L,2356.332,122.915
L,2350.709,131.365
L,2347.982,135.72
L,2342.852,144.439
L,2338.046,153.321
L,2333.558,162.354
L,2329.381,171.529
L,2325.508,180.836
L,2321.932,190.263
L,2318.647,199.801
L,2315.646,209.44
L,2312.923,219.169
L,2310.469,228.977
L,2308.28,238.855
L,2306.348,248.792
L,2304.666,258.778
L,2303.227,268.803
L,2302.026,278.856
L,2301.054,288.927
L,2300.306,299.005
L,2299.934,305.604
L,2299.541,315.674
L,2299.354,325.734
L,2299.365,335.783
L,2299.57,345.821
L,2299.961,355.845
L,2300.531,365.856
L,2301.275,375.853
L,2302.186,385.834
L,2303.257,395.8
L,2304.481,405.748
L,2305.853,415.679
L,2307.365,425.591
L,2309.012,435.484
L,2310.786,445.357
L,2312.681,455.209
L,2314.691,465.039
L,2316.81,474.846
L,2319.03,484.63
L,2321.15,493.584
L,2323.548,503.321
L,2326.033,513.032
L,2328.605,522.718
L,2331.262,532.38
L,2334.003,542.016
L,2336.827,551.627
L,2339.731,561.212
L,2342.716,570.773
L,2345.778,580.308
L,2348.918,589.819
L,2352.134,599.304
L,2355.424,608.764
L,2358.787,618.198
L,2362.222,627.608
L,2365.727,636.992
L,2369.301,646.351
L,2372.943,655.685
L,2376.651,664.994
L,2380.424,674.277
L,2384.261,683.535
L,2388.16,692.768
L,2392.12,701.975
L,2396.139,711.157
L,2400.217,720.314
L,2404.352,729.446
L,2408.542,738.552
L,2412.787,747.633
L,2417.084,756.689
L,2421.433,765.719
L,2425.358,773.76
L,2429.801,782.742
L,2434.293,791.699
L,2438.833,800.63
L,2443.422,809.535
L,2448.059,818.415
L,2452.744,827.268
L,2457.477,836.095
L,2462.258,844.895
L,2467.086,853.669
L,2471.962,862.416
L,2476.885,871.135
L,2481.854,879.828
L,2486.871,888.494
L,2491.934,897.132
L,2497.044,905.742
L,2502.2,914.325
L,2507.402,922.88
L,2512.65,931.407
L,2517.944,939.905
L,2523.283,948.375
L,2528.668,956.817
L,2534.098,965.229
L,2539.573,973.613
L,2545.093,981.968
L,2550.657,990.294
L,2556.267,998.59
L,2561.92,1006.857
L,2567.617,1015.094
L,2573.359,1023.301
L,2579.144,1031.479
L,2584.973,1039.626
L,2590.845,1047.742
L,2596.76,1055.828
L,2602.719,1063.884
L,2608.72,1071.909
L,2614.118,1079.052
L,2620.2,1087.018
L,2626.325,1094.952
L,2632.493,1102.853
L,2638.705,1110.72
L,2644.96,1118.553
L,2651.259,1126.35
L,2657.602,1134.111
L,2663.99,1141.835
L,2670.423,1149.52
L,2676.9,1157.167
L,2683.423,1164.774
L,2689.991,1172.34
L,2696.606,1179.865
L,2703.266,1187.347
L,2709.973,1194.786
L,2716.727,1202.18
L,2723.528,1209.53
L,2730.375,1216.833
L,2737.271,1224.09
L,2744.214,1231.299
L,2751.206,1238.46
L,2758.246,1245.571
L,2765.334,1252.632
L,2772.471,1259.642
L,2779.658,1266.599
L,2786.894,1273.504
L,2794.18,1280.355
L,2801.516,1287.152
L,2808.182,1293.24
L,2815.614,1299.93
L,2823.096,1306.563
L,2830.629,1313.139
L,2838.212,1319.657
L,2845.846,1326.117
L,2853.53,1332.518
L,2861.263,1338.859
L,2869.047,1345.14
L,2876.881,1351.361
L,2884.765,1357.521
L,2892.698,1363.62
L,2900.681,1369.656
L,2908.714,1375.63
L,2916.797,1381.541
L,2924.929,1387.388
L,2933.111,1393.171
L,2941.342,1398.889
L,2949.622,1404.543
L,2957.951,1410.13
L,2966.33,1415.652
L,2974.758,1421.106
L,2983.682,1426.776
L,2992.21,1432.092
L,3000.787,1437.336
L,3009.412,1442.506
L,3018.084,1447.597
L,3026.804,1452.607
L,3035.57,1457.532
L,3044.383,1462.368
L,3053.242,1467.112
L,3062.147,1471.76
L,3071.097,1476.309
L,3080.091,1480.755
L,3089.13,1485.096
L,3098.213,1489.327
L,3107.34,1493.444
L,3116.51,1497.446
L,3125.722,1501.327
L,3134.977,1505.085
L,3144.274,1508.716
L,3153.613,1512.216
L,3162.992,1515.582
L,3170.57,1518.192
L,3180.023,1521.306
L,3189.522,1524.263
L,3199.071,1527.049
L,3208.674,1529.646
L,3218.337,1532.039
L,3228.063,1534.211
L,3237.86,1536.147
L,3247.729,1537.832
L,3257.678,1539.247
L,3267.71,1540.379
L,3277.83,1541.21
L,3288.042,1541.725
L,3300.206,1541.904
L,3310.625,1541.669
L,3321.076,1541.035
L,3331.487,1539.953
L,3341.785,1538.375
L,3351.9,1536.254
L,3361.759,1533.54
L,3371.29,1530.186
L,3380.423,1526.144
L,3389.084,1521.365
L,3400.826,1512.888
L,3405.803,1508.371
L,3410.541,1503.537
L,3415.099,1498.466
L,3419.536,1493.237
L,3423.914,1487.928
L,3433.212,1491.596
L,3442.518,1495.244
L,3451.841,1498.855
L,3461.19,1502.41
L,3473.522,1506.96
L,3482.961,1510.313
L,3492.445,1513.561
L,3501.971,1516.697
L,3511.539,1519.718
L,3521.147,1522.616
L,3530.793,1525.387
L,3540.477,1528.025
L,3550.197,1530.525
L,3559.951,1532.882
L,3569.739,1535.089
L,3579.558,1537.143
L,3589.407,1539.037
L,3599.286,1540.765
L,3609.193,1542.324
L,3619.126,1543.706
L,3629.084,1544.907
L,3639.066,1545.921
L,3649.022,1546.74
L,3659.046,1547.367
L,3669.087,1547.796
L,3679.138,1548.027
L,3689.195,1548.06
L,3699.253,1547.895
L,3709.307,1547.532
L,3719.352,1546.97
L,3729.383,1546.21
L,3739.395,1545.252
L,3749.383,1544.094
L,3759.342,1542.737
L,3769.267,1541.182
L,3779.153,1539.426
L,3788.994,1537.472
L,3798.787,1535.318
L,3808.526,1532.964
L,3816.098,1530.984
L,3825.729,1528.275
L,3835.3,1525.376
L,3844.812,1522.296
L,3854.267,1519.045
L,3863.667,1515.632
L,3873.016,1512.068
L,3882.314,1508.361
L,3891.565,1504.522
L,3900.77,1500.559
L,3909.931,1496.484
L,3919.05,1492.304
L,3928.131,1488.031
L,3937.173,1483.673
L,3946.181,1479.24
L,3955.156,1474.742
L,3964.1,1470.189
L,3970.85,1466.712
L,3979.745,1462.083
L,3988.614,1457.416
L,3997.456,1452.71
L,4006.273,1447.968
L,4015.066,1443.188
L,4023.834,1438.371
L,4032.578,1433.518
L,4041.3,1428.629
L,4049.999,1423.704
L,4058.675,1418.745
L,4067.331,1413.75
L,4075.965,1408.72
L,4084.58,1403.656
L,4093.174,1398.559
L,4101.75,1393.428
L,4110.307,1388.264
L,4116.242,1384.656
L,4124.769,1379.438
L,4133.281,1374.192
L,4141.782,1368.926
L,4150.274,1363.643
L,4158.761,1358.35
L,4165.85,1353.924
L,4161.375,1348.606
L,4156.896,1343.291
L,4152.408,1337.984
L,4147.906,1332.687
L,4143.386,1327.404
L,4136.847,1319.833
L,4130.273,1312.289
L,4123.676,1304.763
L,4117.067,1297.246
L,4110.459,1289.729
L,4103.863,1282.203
L,4097.291,1274.657
L,4090.754,1267.084
L,4084.265,1259.473
L,4077.835,1251.817
L,4071.476,1244.104
L,4065.199,1236.327
L,4059.018,1228.475
L,4053.062,1220.7
L,4048.454,1214.526
L,4043.902,1208.308
L,4039.392,1202.057
L,4034.91,1195.784
L,4030.442,1189.5
L,4022.244,1193.726
L,4014.067,1197.987
L,4005.933,1202.319
L,3997.865,1206.759
L,3989.882,1211.34
L,3981.334,1216.504
L,3972.899,1221.853
L,3964.563,1227.363
L,3956.311,1233.011
L,3948.129,1238.772
L,3940.003,1244.623
L,3931.917,1250.539
L,3923.859,1256.497
L,3917.654,1261.104
L,3909.61,1267.078
L,3901.561,1273.043
L,3893.502,1278.988
L,3885.427,1284.907
L,3877.332,1290.79
L,3869.208,1296.629
L,3861.052,1302.414
L,3852.856,1308.138
L,3844.617,1313.791
L,3836.327,1319.365
L,3827.98,1324.852
L,3819.374,1330.368
L,3810.898,1335.652
L,3802.354,1340.828
L,3793.742,1345.894
L,3785.062,1350.847
L,3776.314,1355.685
L,3767.499,1360.404
L,3758.615,1365.003
L,3749.663,1369.479
L,3740.642,1373.828
L,3731.554,1378.05
L,3722.397,1382.14
L,3713.171,1386.096
L,3703.877,1389.917
L,3694.515,1393.598
L,3685.084,1397.138
L,3674.138,1401.036
L,3664.56,1404.261
L,3654.919,1407.325
L,3645.22,1410.214
L,3635.469,1412.915
L,3625.671,1415.412
L,3615.833,1417.693
L,3605.958,1419.743
L,3596.054,1421.549
L,3586.125,1423.096
L,3576.177,1424.371
L,3566.216,1425.359
L,3556.247,1426.047
L,3546.275,1426.421
L,3536.307,1426.466
L,3529.682,1426.308
L,3519.73,1425.787
L,3509.789,1424.963
L,3499.856,1423.885
L,3489.931,1422.604
L,3480.011,1421.166
L,3470.095,1419.622
L,3458.39,1417.728
L,3459.858,1407.801
L,3461.265,1397.871
L,3462.55,1387.938
L,3463.652,1377.998
L,3464.509,1368.051
L,3465.098,1357.044
L,3465.254,1347.075
L,3465.053,1337.1
L,3464.512,1327.125
L,3463.647,1317.157
L,3462.475,1307.202
L,3461.012,1297.265
L,3459.275,1287.354
L,3457.28,1277.474
L,3455.043,1267.631
L,3452.581,1257.832
L,3449.91,1248.083
L,3447.047,1238.39
L,3443.258,1226.472
L,3440.022,1216.926
L,3436.633,1207.45
L,3433.095,1198.043
L,3429.41,1188.704
L,3425.582,1179.433
L,3421.613,1170.23
L,3417.508,1161.094
L,3413.267,1152.024
L,3408.896,1143.02
L,3404.396,1134.082
L,3399.771,1125.209
L,3395.025,1116.4
L,3390.158,1107.655
L,3385.177,1098.974
L,3380.081,1090.355
L,3372.59,1078.116
L,3367.231,1069.65
L,3361.764,1061.251
L,3356.185,1052.925
L,3350.491,1044.679
L,3344.678,1036.517
L,3338.745,1028.446
L,3332.687,1020.471
L,3326.501,1012.598
L,3320.185,1004.833
L,3313.736,997.181
L,3307.149,989.649
L,3300.362,982.176
L,3293.49,974.903
L,3286.462,967.781
L,3279.267,960.83
L,3271.891,954.071
L,3264.323,947.524
L,3256.551,941.208
L,3248.561,935.145
L,3240.341,929.354
L,3231.88,923.856
L,3223.165,918.67
L,3213.938,913.692
L,3204.679,909.217
L,3195.186,905.199
L,3185.503,901.745
L,3175.675,898.958
L,3165.747,896.943
L,3155.763,895.805
L,3145.769,895.647
L,3136.094,896.532
L,3126.223,898.584
L,3116.557,901.746
L,3107.223,905.943
L,3098.347,911.097
L,3090.058,917.132
L,3082.481,923.971
L,3078.53,928.2
L,3072.301,936.145
L,3066.941,944.682
L,3062.409,953.717
L,3058.663,963.158
L,3055.658,972.912
L,3053.353,982.885
L,3051.706,992.985
L,3050.918,1000.116
L,3050.293,1010.233
L,3050.213,1020.314
L,3050.64,1030.355
L,3051.533,1040.352
L,3052.854,1050.301
L,3054.563,1060.197
L,3056.62,1070.037
L,3058.986,1079.816
L,3061.621,1089.53
L,3063.866,1097.148
L,3066.892,1106.736
L,3070.113,1116.251
L,3073.523,1125.691
L,3077.12,1135.058
L,3080.897,1144.348
L,3084.851,1153.563
L,3088.978,1162.7
L,3093.271,1171.76
L,3097.729,1180.741
L,3102.344,1189.643
L,3107.114,1198.466
L,3112.033,1207.207
L,3117.097,1215.867
L,3122.302,1224.445
L,3130.01,1236.612
L,3135.539,1244.986
L,3141.197,1253.273
L,3146.984,1261.469
L,3152.898,1269.571
L,3158.941,1277.576
L,3165.111,1285.48
L,3171.408,1293.281
L,3177.831,1300.975
L,3184.38,1308.559
L,3191.054,1316.029
L,3197.854,1323.382
L,3204.778,1330.616
L,3211.826,1337.726
L,3220.646,1346.28
L,3227.968,1353.105
L,3235.408,1359.802
L,3242.961,1366.373
L,3250.622,1372.822
L,3258.384,1379.15
L,3266.244,1385.36
L,3274.196,1391.456
L,3282.235,1397.439
L,3290.355,1403.312
L,3298.551,1409.077
L,3306.819,1414.738
L,3315.153,1420.297
L,3323.547,1425.756
L,3329.066,1429.272
L,3334.717,1432.817
L,3340.386,1436.329
L,3346.069,1439.815
L,3351.761,1443.284
L,3357.458,1446.744
L,3355.631,1448.556
L,3353.785,1450.321
L,3351.901,1451.99
L,3349.96,1453.518
L,3347.942,1454.856
L,3340.787,1457.671
L,3332.89,1458.463
L,3324.513,1457.708
L,3315.922,1455.88
L,3307.382,1453.452
L,3297.228,1450.192
L,3287.488,1446.743
L,3278.097,1443.108
L,3268.99,1439.287
L,3260.102,1435.281
L,3251.37,1431.094
L,3243.734,1427.244
L,3235.129,1422.717
L,3226.561,1418.016
L,3218.029,1413.148
L,3209.539,1408.119
L,3201.09,1402.935
L,3192.687,1397.603
L,3184.331,1392.128
L,3176.024,1386.517
L,3167.768,1380.776
L,3159.567,1374.913
L,3151.422,1368.932
L,3143.336,1362.84
L,3135.31,1356.643
L,3127.348,1350.349
L,3119.451,1343.962
L,3111.622,1337.489
L,3103.863,1330.937
L,3096.176,1324.312
L,3087.11,1316.328
L,3079.589,1309.564
L,3072.143,1302.741
L,3064.771,1295.862
L,3057.47,1288.928
L,3050.238,1281.94
L,3043.074,1274.899
L,3035.975,1267.807
L,3028.939,1260.665
L,3021.965,1253.475
L,3015.05,1246.239
L,3008.192,1238.956
L,3001.39,1231.629
L,2994.641,1224.26
L,2987.944,1216.849
L,2981.296,1209.397
L,2974.695,1201.908
L,2968.14,1194.38
L,2961.628,1186.817
L,2955.158,1179.22
L,2948.727,1171.589
L,2942.333,1163.926
L,2935.975,1156.233
L,2929.65,1148.511
L,2923.357,1140.762
L,2917.093,1132.986
L,2910.518,1124.76
L,2904.309,1116.934
L,2898.125,1109.085
L,2891.969,1101.212
L,2885.839,1093.315
L,2879.737,1085.395
L,2873.663,1077.451
L,2867.618,1069.483
L,2861.602,1061.49
L,2855.616,1053.474
L,2849.661,1045.434
L,2843.737,1037.369
L,2837.845,1029.28
L,2831.985,1021.166
L,2826.157,1013.028
L,2820.364,1004.865
L,2814.604,996.678
L,2808.879,988.466
L,2803.189,980.229
L,2797.535,971.967
L,2791.918,963.68
L,2786.337,955.368
L,2780.794,947.031
L,2775.289,938.668
L,2769.822,930.28
L,2764.395,921.867
L,2759.008,913.428
L,2753.661,904.963
L,2748.355,896.473
L,2743.091,887.957
L,2736.422,877.032
L,2731.255,868.457
L,2726.131,859.856
L,2721.051,851.229
L,2716.016,842.576
L,2711.026,833.897
L,2706.083,825.192
L,2701.185,816.462
L,2696.335,807.705
L,2691.532,798.923
L,2686.778,790.114
L,2682.073,781.28
L,2677.417,772.42
L,2672.811,763.534
L,2668.256,754.623
L,2663.752,745.685
L,2659.3,736.722
L,2654.9,727.733
L,2650.553,718.718
L,2646.261,709.677
L,2642.022,700.611
L,2637.838,691.518
L,2633.71,682.401
L,2629.637,673.257
L,2625.622,664.088
L,2621.663,654.893
L,2617.762,645.672
L,2614.586,638.04
L,2610.793,628.772
L,2607.06,619.479
L,2603.389,610.161
L,2599.782,600.818
L,2596.24,591.449
L,2592.765,582.056
L,2589.358,572.638
L,2586.022,563.196
L,2582.757,553.73
L,2579.565,544.24
L,2576.448,534.725
L,2573.407,525.188
L,2570.445,515.626
L,2567.561,506.042
L,2564.759,496.434
L,2562.04,486.804
L,2559.405,477.151
L,2556.856,467.475
L,2554.394,457.777
L,2552.021,448.056
L,2550.47,441.48
L,2548.252,431.723
L,2546.14,421.943
L,2544.146,412.141
L,2542.285,402.314
L,2540.57,392.463
L,2539.015,382.588
L,2537.633,372.687
L,2536.438,362.76
L,2535.444,352.806
L,2534.665,342.825
L,2534.113,332.816
L,2533.802,322.779
L,2533.747,312.712
L,2533.961,302.616
L,2534.457,292.49
L,2535.249,282.332
L,2536.35,272.143
L,2537.678,262.548
L,2539.425,252.31
L,2541.56,242.121
L,2544.134,232.062
L,2547.2,222.214
L,2550.809,212.659
L,2555.013,203.478
L,2559.864,194.753
L,2565.413,186.565
L,2573.558,177.06
L,2580.862,170.38
L,2588.886,164.422
L,2597.533,159.183
L,2606.707,154.663
L,2616.312,150.861
L,2626.25,147.776
L,2636.425,145.408
L,2646.742,143.754
L,2657.103,142.815
L,2667.002,142.584
L,2677.186,143.035
L,2687.226,144.158
L,2697.123,145.911
L,2706.878,148.254
L,2716.491,151.147
L,2725.964,154.548
L,2735.297,158.416
L,2744.491,162.711
L,2753.547,167.392
L,2762.466,172.418
L,2771.248,177.748
L,2779.895,183.342
L,2788.408,189.159
L,2796.786,195.158
L,2804.75,201.084
L,2812.868,207.328
L,2820.854,213.675
L,2828.709,220.123
L,2836.432,226.675
L,2844.025,233.329
L,2851.487,240.086
L,2858.819,246.947
L,2866.021,253.911
L,2873.094,260.98
L,2880.037,268.153
L,2886.852,275.431
L,2893.538,282.813
L,2900.096,290.301
L,2906.526,297.894
L,2912.829,305.592
L,2919.004,313.397
L,2925.053,321.308
L,2928.458,325.884
L,2934.308,333.962
L,2940.03,342.144
L,2945.624,350.426
L,2951.087,358.805
L,2956.42,367.278
L,2961.622,375.842
L,2966.69,384.494
L,2971.624,393.229
L,2976.422,402.046
L,2981.084,410.941
L,2985.609,419.91
L,2989.994,428.951
L,2994.24,438.06
L,2998.345,447.234
L,3002.308,456.47
L,3005.834,465.036
L,3009.52,474.382
L,3013.06,483.781
L,3016.451,493.232
L,3019.69,502.73
L,3022.776,512.274
L,3025.706,521.862
L,3028.478,531.491
L,3031.089,541.158
L,3033.537,550.861
L,3035.819,560.598
L,3037.934,570.366
L,3039.879,580.162
L,3041.246,587.652
L,3042.866,597.495
L,3044.191,607.37
L,3045.101,617.287
L,3045.476,627.253
L,3045.195,637.277
L,3044.139,647.367
L,3042.186,657.533
L,3040.778,662.844
L,3038.256,670.413
L,3035.077,677.682
L,3031.178,684.302
L,3026.495,689.924
L,3020.966,694.2
L,3012.385,697.397
L,3002.725,698.088
L,2992.488,696.712
L,2982.177,693.71
L,2972.294,689.52
L,2963.043,684.403
L,2954.64,678.594
L,2946.96,672.185
L,2939.878,665.264
L,2933.27,657.923
L,2928.458,652.08
L,2922.403,644.205
L,2916.605,636.087
L,2911.07,627.747
L,2905.8,619.202
L,2900.801,610.473
L,2896.076,601.578
L,2891.631,592.537
L,2886.026,580.008
L,2882.254,570.695
L,2878.757,561.289
L,2875.525,551.799
L,2872.542,542.231
L,2869.799,532.595
L,2867.28,522.898
L,2864.974,513.149
L,2862.868,503.355
L,2860.95,493.525
L,2859.038,482.664
L,2857.679,474.164
L,2856.414,465.652
L,2855.221,457.131
L,2854.076,448.605
L,2852.954,440.076
M,3552.172,497.172
L,3555.571,504.993
L,3558.947,512.824
L,3562.278,520.676
L,3565.539,528.559
L,3568.708,536.484
L,3572.279,545.838
L,3575.677,555.262
L,3578.888,564.751
L,3581.896,574.305
L,3584.686,583.919
L,3587.245,593.593
L,3590.392,607.152
L,3592.22,616.431
L,3593.69,625.769
L,3594.682,635.179
L,3595.079,644.673
L,3594.76,654.264
L,3594.004,661.246
L,3592.697,668.142
L,3590.722,674.806
L,3587.964,681.096
L,3584.308,686.868
L,3578.699,692.894
L,3571.955,697.871
L,3564.381,701.691
L,3556.281,704.248
L,3547.96,705.432
L,3538.133,704.981
L,3528.561,702.715
L,3519.378,698.911
L,3510.719,693.848
L,3502.72,687.804
L,3495.287,680.813
L,3488.678,673.164
L,3482.874,664.944
L,3477.857,656.24
L,3473.392,646.62
L,3469.94,637.189
L,3467.259,627.504
L,3465.373,617.617
L,3464.305,607.581
L,3464.079,597.447
L,3464.5,589.524
L,3465.814,579.48
L,3468.051,569.612
L,3471.268,560.102
L,3475.525,551.131
L,3480.88,542.88
L,3486.131,536.72
L,3492.022,531.096
L,3498.408,525.931
L,3505.142,521.149
L,3512.08,516.672
L,3516.693,513.862
L,3521.344,511.165
L,3526.043,508.593
L,3530.803,506.16
L,3535.636,503.88
L,3538.898,502.45
L,3542.19,501.079
L,3545.505,499.752
L,3548.834,498.455
L,3552.172,497.172
M,3524.872,436.488
L,3518.456,438.845
L,3512.061,441.244
L,3505.707,443.728
L,3499.414,446.341
L,3493.204,449.124
L,3484.275,453.572
L,3475.549,458.429
L,3467.01,463.647
L,3458.639,469.175
L,3450.418,474.964
L,3446.092,478.14
L,3438.086,484.253
L,3430.291,490.609
L,3422.793,497.267
L,3415.679,504.283
L,3408.808,511.992
L,3405.391,516.281
L,3402.109,520.685
L,3398.93,525.175
L,3395.818,529.723
L,3392.74,534.3
L,3387.893,525.56
L,3383.047,516.817
L,3378.205,508.07
L,3373.368,499.316
L,3366.688,487.188
L,3361.872,478.407
L,3357.077,469.61
L,3352.313,460.793
L,3347.592,451.952
L,3342.926,443.083
L,3338.324,434.183
L,3333.799,425.248
L,3329.362,416.274
L,3325.023,407.257
L,3320.794,398.194
L,3316.687,389.08
L,3312.711,379.913
L,3308.879,370.687
L,3304.444,359.424
L,3300.968,350.058
L,3297.663,340.628
L,3294.533,331.135
L,3291.581,321.58
L,3288.809,311.964
L,3286.222,302.29
L,3283.823,292.558
L,3281.613,282.77
L,3279.016,269.88
L,3277.517,261.253
L,3276.42,252.586
L,3275.98,243.88
L,3276.449,235.137
L,3278.08,226.356
L,3280.997,217.776
L,3285.162,209.623
L,3290.458,202.359
L,3296.768,196.446
L,3303.976,192.348
L,3311.96,190.387
L,3320.462,190.357
L,3329.215,191.899
L,3337.953,194.658
L,3346.408,198.276
L,3355.648,203.19
L,3364.234,208.707
L,3372.259,214.744
L,3379.814,221.219
L,3386.995,228.049
L,3393.894,235.154
L,3397.888,239.46
L,3404.515,246.843
L,3411.013,254.363
L,3417.383,262.012
L,3423.628,269.784
L,3429.752,277.674
L,3435.758,285.674
L,3441.648,293.778
L,3447.426,301.979
L,3453.094,310.272
L,3458.656,318.649
L,3464.114,327.105
L,3469.472,335.633
L,3474.733,344.225
L,3479.899,352.877
L,3484.974,361.581
L,3489.96,370.332
L,3494.861,379.122
L,3499.679,387.945
L,3505.528,398.892
L,3509.462,406.395
L,3513.352,413.909
L,3517.21,421.431
L,3521.046,428.958
L,3524.872,436.488
M,4444.18,583.596
L,4446.731,589.141
L,4449.277,594.68
L,4451.81,600.208
L,4454.325,605.72
L,4456.816,611.208
L,4460.522,619.454
L,4464.173,627.713
L,4467.779,636.06
L,4471.355,644.573
L,4474.912,653.328
L,4477.58,660.267
L,4479.836,667.314
L,4481.273,674.385
L,4481.484,681.398
L,4480.06,688.272
L,4478.547,691.763
L,4476.532,695.053
L,4474.072,698.001
L,4471.225,700.468
L,4468.048,702.312
L,4464.098,703.535
L,4459.904,703.909
L,4455.58,703.578
L,4451.237,702.686
L,4446.988,701.376
L,4439.806,698.313
L,4433.17,694.527
L,4426.959,690.182
L,4421.049,685.443
L,4415.32,680.472
L,4407.886,673.784
L,4400.554,666.98
L,4393.325,660.064
L,4386.202,653.037
L,4379.186,645.9
L,4372.278,638.655
L,4365.48,631.305
L,4358.794,623.851
L,4352.14,616.2
L,4345.683,608.543
L,4339.34,600.79
L,4333.113,592.944
L,4326.999,585.008
L,4320.999,576.987
L,4315.112,568.883
L,4309.339,560.701
L,4303.679,552.443
L,4298.132,544.113
L,4292.697,535.716
L,4287.375,527.254
L,4283.656,521.196
L,4278.525,512.631
L,4273.502,504.008
L,4268.585,495.328
L,4263.77,486.591
L,4259.055,477.799
L,4254.435,468.951
L,4249.909,460.05
L,4245.472,451.094
L,4241.122,442.086
L,4236.856,433.025
L,4232.67,423.913
L,4228.561,414.75
L,4224.526,405.537
L,4220.563,396.275
L,4217.668,389.376
L,4213.823,380.03
L,4210.056,370.642
L,4206.38,361.217
L,4202.807,351.763
L,4199.35,342.284
L,4196.021,332.787
L,4192.834,323.278
L,4189.8,313.763
L,4186.933,304.247
L,4184.244,294.738
L,4181.747,285.24
L,4180.384,279.708
L,4179.054,274.02
L,4177.783,268.291
L,4176.552,262.473
L,4175.345,256.519
L,4174.144,250.38
L,4172.898,243.513
L,4172.036,236.603
L,4171.951,229.883
L,4173.042,223.582
L,4175.704,217.932
L,4178.169,214.969
L,4181.195,212.397
L,4184.643,210.292
L,4188.371,208.732
L,4192.24,207.792
L,4197.018,207.548
L,4201.755,208.188
L,4206.414,209.543
L,4210.951,211.443
L,4215.328,213.72
L,4222.082,217.925
L,4228.383,222.598
L,4234.318,227.647
L,4239.974,232.986
L,4245.436,238.524
L,4252.264,245.801
L,4258.922,253.249
L,4265.414,260.856
L,4271.745,268.613
L,4277.917,276.507
L,4283.938,284.529
L,4289.809,292.667
L,4295.537,300.91
L,4301.124,309.249
L,4306.576,317.671
L,4310.176,323.388
L,4315.413,331.927
L,4320.541,340.521
L,4325.577,349.163
L,4330.54,357.842
L,4335.448,366.55
L,4340.319,375.276
L,4345.12,383.916
L,4444.18,583.596
M,4243.564,1099.8
L,4249.37,1107.945
L,4255.178,1116.089
L,4260.993,1124.227
L,4266.818,1132.358
L,4272.655,1140.479
L,4278.507,1148.589
L,4284.379,1156.684
L,4290.272,1164.763
L,4296.191,1172.822
L,4302.138,1180.86
L,4308.117,1188.875
L,4314.13,1196.862
L,4318.132,1202.136
L,4324.208,1210.076
L,4330.321,1217.988
L,4336.466,1225.875
L,4342.64,1233.741
L,4348.84,1241.586
L,4355.063,1249.415
L,4361.304,1257.23
L,4367.56,1265.034
L,4373.827,1272.828
L,4380.102,1280.617
L,4388.02,1290.432
L,4396.697,1290.907
L,4405.373,1291.404
L,4414.048,1291.944
L,4422.719,1292.549
L,4431.388,1293.24
L,4441.355,1294.166
L,4451.312,1295.238
L,4461.254,1296.463
L,4471.179,1297.842
L,4481.08,1299.381
L,4490.954,1301.085
L,4500.796,1302.956
L,4510.604,1304.999
L,4520.37,1307.218
L,4530.093,1309.617
L,4539.767,1312.201
L,4546.048,1313.988
L,4555.632,1316.885
L,4565.16,1319.968
L,4574.628,1323.235
L,4584.036,1326.681
L,4593.381,1330.302
L,4602.662,1334.093
L,4611.876,1338.052
L,4621.023,1342.172
L,4630.102,1346.452
L,4639.108,1350.886
L,4648.043,1355.47
L,4656.903,1360.201
L,4665.687,1365.073
L,4674.392,1370.084
L,4683.019,1375.228
L,4690.972,1380.132
L,4699.44,1385.524
L,4707.825,1391.039
L,4716.127,1396.675
L,4724.346,1402.429
L,4732.48,1408.299
L,4740.532,1414.281
L,4748.499,1420.373
L,4756.382,1426.573
L,4764.181,1432.879
L,4771.896,1439.286
L,4779.526,1445.793
L,4787.071,1452.396
L,4794.531,1459.095
L,4801.906,1465.885
L,4809.196,1472.764
L,4816.4,1479.729
L,4823.519,1486.778
L,4830.552,1493.908
L,4839.64,1503.372
L,4846.476,1510.679
L,4853.237,1518.05
L,4859.934,1525.477
L,4866.58,1532.949
L,4873.184,1540.457
L,4879.759,1547.99
L,4886.316,1555.539
L,4890.184,1560
L,4887.871,1552.466
L,4885.543,1544.936
L,4883.187,1537.413
L,4880.786,1529.901
L,4878.328,1522.404
L,4875.108,1512.921
L,4871.769,1503.471
L,4868.307,1494.061
L,4864.719,1484.695
L,4861.001,1475.377
L,4857.151,1466.113
L,4853.166,1456.907
L,4849.041,1447.765
L,4844.775,1438.691
L,4840.364,1429.691
L,4835.804,1420.768
L,4831.093,1411.929
L,4826.228,1403.177
L,4821.205,1394.519
L,4816.084,1386.06
L,4810.739,1377.6
L,4805.234,1369.242
L,4799.573,1360.988
L,4793.759,1352.837
L,4787.797,1344.789
L,4781.69,1336.845
L,4775.442,1329.005
L,4769.058,1321.269
L,4762.541,1313.638
L,4755.894,1306.112
L,4749.121,1298.69
L,4742.228,1291.374
L,4735.216,1284.162
L,4728.091,1277.057
L,4720.856,1270.058
L,4713.516,1263.164
L,4706.072,1256.377
L,4698.531,1249.697
L,4689.1,1241.604
L,4681.352,1235.163
L,4673.516,1228.833
L,4665.592,1222.616
L,4657.581,1216.516
L,4649.483,1210.537
L,4641.299,1204.682
L,4633.032,1198.954
L,4624.68,1193.357
L,4616.245,1187.893
L,4607.729,1182.567
L,4599.13,1177.381
L,4590.451,1172.339
L,4581.693,1167.445
L,4572.855,1162.701
L,4563.94,1158.111
L,4554.948,1153.678
L,4545.878,1149.406
L,4536.734,1145.298
L,4527.515,1141.357
L,4514.536,1136.148
L,4505.142,1132.621
L,4495.679,1129.269
L,4486.151,1126.091
L,4476.563,1123.086
L,4466.917,1120.255
L,4457.219,1117.596
L,4447.472,1115.11
L,4437.679,1112.795
L,4427.846,1110.65
L,4417.975,1108.676
L,4408.072,1106.872
L,4398.139,1105.237
L,4388.181,1103.771
L,4378.202,1102.472
L,4368.205,1101.341
L,4358.195,1100.378
L,4348.176,1099.58
L,4338.151,1098.949
L,4328.125,1098.482
L,4318.102,1098.181
L,4312.516,1098.084
L,4302.503,1098.034
L,4292.498,1098.124
L,4282.499,1098.331
L,4272.505,1098.63
L,4262.514,1098.998
L,4252.526,1099.411
L,4243.564,1099.8
M,4719.208,793.26
L,4449.796,253.032
L,4448.305,250.013
L,4446.883,246.937
L,4445.598,243.748
L,4444.518,240.391
L,4443.712,236.808
L,4443.225,232.647
L,4443.227,228.431
L,4443.799,224.44
L,4445.025,220.951
L,4446.988,218.244
L,4450.606,216.222
L,4455.188,215.639
L,4460.364,216.208
L,4465.763,217.64
L,4471.012,219.648
L,4477.671,223.031
L,4483.494,226.893
L,4488.687,231.138
L,4493.453,235.671
L,4498,240.396
L,4504.598,247.532
L,4511.152,254.859
L,4517.652,262.361
L,4524.084,270.021
L,4530.439,277.823
L,4536.706,285.751
L,4542.873,293.787
L,4548.928,301.915
L,4556.968,313.092
L,4562.72,321.375
L,4568.339,329.712
L,4573.833,338.102
L,4579.205,346.547
L,4584.461,355.046
L,4589.607,363.599
L,4594.648,372.208
L,4599.59,380.872
L,4604.438,389.592
L,4609.228,398.424
L,4612.201,404.013
L,4615.147,409.62
L,4618.073,415.24
L,4620.986,420.87
L,4623.892,426.504
L,4691.908,427.44
L,4688.346,420.187
L,4684.777,412.937
L,4681.195,405.695
L,4677.595,398.464
L,4673.968,391.248
L,4669.435,382.342
L,4664.851,373.464
L,4660.213,364.617
L,4655.52,355.799
L,4650.768,347.011
L,4645.957,338.253
L,4641.083,329.527
L,4636.145,320.831
L,4631.14,312.167
L,4626.067,303.534
L,4620.924,294.934
L,4615.707,286.365
L,4611.88,280.176
L,4606.533,271.665
L,4601.105,263.194
L,4595.596,254.768
L,4590,246.394
L,4584.314,238.078
L,4578.537,229.827
L,4572.664,221.647
L,4566.691,213.545
L,4560.617,205.526
L,4554.438,197.597
L,4548.151,189.765
L,4541.752,182.036
L,4535.238,174.416
L,4528.606,166.911
L,4521.854,159.528
L,4514.978,152.274
L,4507.973,145.154
L,4500.838,138.175
L,4493.57,131.344
L,4487.548,125.892
L,4480.03,119.343
L,4472.375,112.951
L,4464.586,106.714
L,4456.667,100.632
L,4448.619,94.701
L,4440.447,88.922
L,4432.152,83.291
L,4423.738,77.807
L,4415.208,72.469
L,4402.216,64.74
L,4393.404,59.774
L,4384.464,55.044
L,4375.381,50.644
L,4366.134,46.67
L,4356.708,43.214
L,4347.083,40.373
L,4337.243,38.239
L,4323.748,36.66
L,4313.379,36.549
L,4303.001,37.467
L,4292.863,39.514
L,4283.214,42.791
L,4274.301,47.398
L,4268.056,51.948
L,4262.675,57.179
L,4257.98,63.118
L,4253.994,69.623
L,4250.741,76.554
L,4248.244,83.772
L,4246.306,92.324
L,4245.304,101.004
L,4245.131,109.745
L,4245.679,118.479
L,4246.84,127.14
L,4247.844,132.575
L,4249.01,137.964
L,4250.299,143.319
L,4251.669,148.651
L,4253.08,153.972
L,4248.822,149.681
L,4244.56,145.394
L,4240.289,141.115
L,4236.006,136.849
L,4231.708,132.6
L,4224.552,125.617
L,4217.332,118.704
L,4210.035,111.873
L,4202.651,105.134
L,4195.171,98.502
L,4187.583,91.986
L,4179.878,85.6
L,4172.044,79.356
L,4164.072,73.265
L,4152.928,65.208
L,4144.583,59.541
L,4136.055,54.146
L,4127.324,49.109
L,4118.37,44.522
L,4109.173,40.471
L,4099.714,37.047
L,4089.973,34.337
L,4077.736,32.136
L,4067.33,31.313
L,4056.765,31.411
L,4046.206,32.442
L,4035.818,34.417
L,4025.768,37.344
L,4016.222,41.236
L,4007.345,46.103
L,3999.304,51.955
L,3994.276,56.628
L,3987.993,64.15
L,3982.751,72.528
L,3978.474,81.613
L,3975.085,91.259
L,3972.507,101.319
L,3970.665,111.643
L,3969.481,122.086
L,3968.848,133.536
L,3968.796,143.777
L,3969.152,153.861
L,3969.824,163.824
L,3970.723,173.699
L,3972.28,188.292
L,3968.695,184.482
L,3965.108,180.673
L,3961.521,176.866
L,3957.932,173.061
L,3954.34,169.26
L,3947.462,162.007
L,3940.56,154.781
L,3933.624,147.592
L,3926.64,140.451
L,3919.599,133.367
L,3912.488,126.351
L,3905.296,119.414
L,3898.012,112.565
L,3890.624,105.815
L,3883.121,99.175
L,3875.492,92.655
L,3867.724,86.265
L,3860.428,80.496
L,3852.364,74.391
L,3844.133,68.485
L,3835.728,62.825
L,3827.144,57.459
L,3818.374,52.436
L,3809.41,47.803
L,3800.248,43.609
L,3790.878,39.902
L,3781.297,36.73
L,3771.495,34.141
L,3761.469,32.183
L,3754.192,31.2
L,3743.786,30.432
L,3733.276,30.417
L,3722.793,31.193
L,3712.471,32.798
L,3702.441,35.273
L,3692.836,38.655
L,3683.789,42.984
L,3675.432,48.298
L,3671.2,51.636
L,3664.141,58.519
L,3657.927,66.292
L,3652.506,74.8
L,3647.829,83.889
L,3643.845,93.403
L,3639.064,108.108
L,3636.592,118.032
L,3634.649,127.987
L,3633.199,137.966
L,3632.205,147.963
L,3631.63,157.97
L,3631.436,167.982
L,3631.587,177.991
L,3632.046,187.99
L,3632.776,197.972
L,3633.448,205.14
L,3634.56,215.08
L,3635.861,224.993
L,3637.333,234.883
L,3638.957,244.75
L,3640.714,254.598
L,3642.588,264.428
L,3644.559,274.242
L,3646.609,284.042
L,3648.72,293.83
L,3650.873,303.609
L,3652.324,310.128
L,3654.511,319.895
L,3656.716,329.654
L,3658.944,339.406
L,3661.2,349.148
L,3663.49,358.881
L,3665.82,368.603
L,3668.195,378.314
L,3670.62,388.011
L,3672.604,395.772
L,3674.706,403.833
L,3676.842,411.887
L,3679.003,419.935
L,3681.181,427.978
L,3683.368,436.02
L,3679.704,434.865
L,3676.036,433.726
L,3672.359,432.618
L,3668.669,431.557
L,3664.96,430.56
L,3660.117,429.381
L,3655.241,428.336
L,3650.338,427.429
L,3645.412,426.662
L,3640.468,426.036
L,3632.573,425.325
L,3624.655,424.904
L,3616.722,424.699
L,3608.782,424.633
L,3600.844,424.632
L,3598.097,424.634
L,3595.351,424.634
L,3592.606,424.634
L,3589.861,424.633
L,3587.116,424.632
L,3583.733,418.431
L,3580.354,412.228
L,3576.981,406.021
L,3573.618,399.809
L,3570.268,393.588
L,3565.552,384.767
L,3560.859,375.932
L,3556.178,367.089
L,3551.5,358.244
L,3546.813,349.404
L,3542.108,340.575
L,3537.374,331.761
L,3532.601,322.971
L,3527.779,314.209
L,3522.896,305.482
L,3517.943,296.796
L,3512.91,288.156
L,3507.785,279.57
L,3502.56,271.042
L,3499.288,265.824
L,3493.879,257.404
L,3488.355,249.053
L,3482.719,240.772
L,3476.973,232.563
L,3471.12,224.425
L,3465.162,216.359
L,3459.104,208.367
L,3452.946,200.448
L,3446.693,192.604
L,3440.346,184.836
L,3433.909,177.143
L,3427.385,169.527
L,3420.775,161.989
L,3414.083,154.529
L,3407.312,147.148
L,3400.464,139.846
L,3393.542,132.625
L,3385.096,124.02
L,3378.018,116.982
L,3370.855,110.041
L,3363.591,103.216
L,3356.209,96.522
L,3348.693,89.976
L,3341.026,83.593
L,3333.192,77.391
L,3325.173,71.386
L,3316.954,65.595
L,3308.517,60.032
L,3299.846,54.716
L,3290.248,49.296
L,3281.048,44.551
L,3271.616,40.15
L,3261.99,36.16
L,3252.207,32.644
L,3242.303,29.667
L,3232.316,27.294
L,3222.282,25.591
L,3212.24,24.622
L,3202.225,24.451
L,3192.275,25.143
L,3180.736,27.144
L,3171.061,29.915
L,3161.607,33.622
L,3152.452,38.197
L,3143.67,43.573
L,3135.338,49.681
L,3127.533,56.454
L,3120.33,63.824
L,3113.806,71.722
L,3108.664,79.092
L,3103.604,87.805
L,3099.313,96.871
L,3095.733,106.244
L,3092.811,115.875
L,3090.493,125.718
L,3088.722,135.725
L,3087.444,145.849
L,3086.604,156.043
L,3086.148,166.26
L,3086.044,171.6
L,3086.073,181.768
L,3086.391,191.888
L,3086.985,201.959
L,3087.844,211.981
L,3088.956,221.956
L,3090.31,231.883
L,3091.894,241.763
L,3093.696,251.597
L,3095.705,261.384
L,3097.91,271.125
L,3100.298,280.82
L,3102.858,290.47
L,3104.296,295.62
L,3107.099,305.201
L,3110.05,314.739
L,3113.144,324.233
L,3116.374,333.686
L,3119.735,343.098
L,3123.221,352.47
L,3126.827,361.803
L,3130.546,371.098
L,3134.372,380.355
L,3138.3,389.577
L,3142.323,398.763
L,3146.437,407.914
L,3150.635,417.033
L,3154.91,426.119
L,3159.259,435.174
L,3162.796,442.416
L,3167.261,451.415
L,3171.792,460.382
L,3176.392,469.311
L,3181.064,478.199
L,3185.813,487.043
L,3190.64,495.84
L,3195.55,504.585
L,3200.547,513.275
L,3205.634,521.906
L,3210.813,530.475
L,3216.09,538.978
L,3221.468,547.412
L,3226.949,555.773
L,3232.537,564.057
L,3238.237,572.26
L,3244.051,580.38
L,3249.982,588.412
L,3253.9,593.58
L,3260.033,601.46
L,3266.287,609.247
L,3272.661,616.94
L,3279.153,624.539
L,3285.759,632.045
L,3292.479,639.456
L,3299.309,646.774
L,3306.249,653.997
L,3313.295,661.126
L,3320.445,668.161
L,3327.699,675.102
L,3335.052,681.948
L,3345.004,690.924
L,3352.584,697.547
L,3360.262,704.064
L,3368.039,710.462
L,3375.918,716.729
L,3383.9,722.853
L,3391.988,728.821
L,3400.184,734.623
L,3408.49,740.245
L,3416.907,745.676
L,3425.438,750.903
L,3434.085,755.914
L,3442.85,760.698
L,3455.452,767.052
L,3464.511,771.233
L,3473.699,775.124
L,3483.022,778.692
L,3492.486,781.904
L,3502.098,784.728
L,3511.863,787.129
L,3521.788,789.076
L,3531.878,790.535
L,3537.04,791.076
L,3547.37,791.729
L,3557.751,791.752
L,3568.062,791.053
L,3578.18,789.541
L,3587.982,787.124
L,3597.345,783.709
L,3607.396,778.44
L,3615.42,772.614
L,3622.729,765.756
L,3629.307,758.026
L,3635.142,749.588
L,3640.22,740.603
L,3646.084,727.272
L,3649.289,717.612
L,3651.765,707.821
L,3653.574,697.924
L,3654.776,687.947
L,3655.434,677.914
L,3655.608,667.851
L,3655.36,657.781
L,3654.664,646.62
L,3653.719,636.616
L,3652.5,626.657
L,3651.021,616.745
L,3649.302,606.878
L,3647.359,597.055
L,3645.208,587.276
L,3642.868,577.541
L,3640.356,567.848
L,3637.688,558.198
L,3634.384,546.936
L,3631.438,537.375
L,3628.394,527.848
L,3625.274,518.347
L,3622.099,508.866
L,3618.89,499.396
L,3616.912,493.584
L,3620.718,494.196
L,3624.525,494.811
L,3628.331,495.432
L,3632.137,496.062
L,3635.944,496.704
L,3642.59,497.867
L,3649.221,499.12
L,3655.82,500.51
L,3662.372,502.081
L,3668.86,503.88
L,3674.034,505.519
L,3679.16,507.312
L,3684.242,509.238
L,3689.284,511.273
L,3694.288,513.396
L,3696.951,514.559
L,3699.607,515.738
L,3702.257,516.927
L,3704.904,518.124
L,3707.548,519.324
L,3711.322,528.154
L,3715.095,536.984
L,3718.87,545.814
L,3722.646,554.643
L,3726.424,563.472
L,3730.36,572.665
L,3734.3,581.857
L,3738.244,591.047
L,3742.195,600.234
L,3746.155,609.418
L,3750.123,618.598
L,3754.103,627.773
L,3758.095,636.943
L,3762.1,646.106
L,3766.122,655.262
L,3770.159,664.411
L,3774.215,673.552
L,3778.291,682.684
L,3782.388,691.807
L,3786.508,700.919
L,3790.652,710.02
L,3794.821,719.109
L,3799.017,728.187
L,3804.268,739.44
L,3808.53,748.487
L,3812.823,757.52
L,3817.147,766.538
L,3821.503,775.542
L,3825.891,784.53
L,3830.311,793.502
L,3834.765,802.458
L,3839.251,811.397
L,3843.772,820.32
L,3848.326,829.225
L,3852.916,838.112
L,3857.541,846.981
L,3862.2,855.832
L,3866.897,864.664
L,3871.629,873.476
L,3876.399,882.269
L,3881.205,891.042
L,3886.05,899.794
L,3892.876,911.976
L,3897.813,920.678
L,3902.788,929.358
L,3907.802,938.016
L,3912.854,946.652
L,3917.945,955.266
L,3923.073,963.858
L,3928.24,972.427
L,3933.446,980.974
L,3938.689,989.497
L,3943.969,997.997
L,3949.288,1006.474
L,3954.645,1014.927
L,3960.038,1023.357
L,3965.469,1031.762
L,3970.938,1040.143
L,3976.444,1048.5
L,3981.987,1056.832
L,3987.567,1065.139
L,3993.183,1073.422
L,3998.837,1081.679
L,4004.527,1089.911
L,4010.254,1098.117
L,4016.018,1106.297
L,4021.817,1114.452
L,4027.654,1122.58
L,4033.526,1130.682
L,4039.434,1138.757
L,4046.848,1148.784
L,4052.837,1156.799
L,4058.862,1164.786
L,4064.925,1172.744
L,4071.025,1180.674
L,4077.163,1188.573
L,4083.34,1196.442
L,4089.556,1204.28
L,4095.811,1212.086
L,4102.107,1219.859
L,4108.444,1227.6
L,4114.823,1235.306
L,4121.244,1242.977
L,4127.707,1250.613
L,4134.213,1258.214
L,4140.764,1265.777
L,4147.358,1273.303
L,4153.998,1280.791
L,4160.683,1288.24
L,4167.414,1295.649
L,4174.191,1303.018
L,4181.016,1310.347
L,4187.888,1317.633
L,4194.809,1324.878
L,4201.779,1332.079
L,4208.798,1339.237
L,4215.796,1346.28
L,4222.916,1353.348
L,4230.087,1360.366
L,4237.315,1367.328
L,4244.601,1374.229
L,4251.946,1381.063
L,4259.354,1387.825
L,4266.828,1394.51
L,4274.368,1401.112
L,4281.979,1407.626
L,4289.661,1414.047
L,4297.418,1420.369
L,4305.252,1426.587
L,4313.166,1432.695
L,4321.161,1438.689
L,4329.241,1444.562
L,4337.407,1450.309
L,4341.532,1453.14
L,4349.833,1458.688
L,4358.225,1464.098
L,4366.71,1469.362
L,4375.29,1474.475
L,4383.965,1479.433
L,4392.738,1484.229
L,4401.609,1488.857
L,4410.582,1493.313
L,4419.655,1497.59
L,4428.832,1501.683
L,4438.113,1505.586
L,4447.5,1509.294
L,4456.994,1512.801
L,4463.524,1515.072
L,4473.2,1518.215
L,4482.971,1521.058
L,4492.825,1523.512
L,4502.748,1525.487
L,4512.726,1526.895
L,4522.745,1527.646
L,4532.791,1527.649
L,4542.852,1526.817
L,4550.728,1525.524
L,4560.744,1522.994
L,4570.524,1519.463
L,4579.841,1514.929
L,4588.471,1509.387
L,4596.187,1502.832
L,4604.08,1493.388
L,4608.135,1486.401
L,4611.289,1478.904
L,4613.553,1471.048
L,4614.941,1462.982
L,4615.468,1454.856
L,4614.984,1444.977
L,4613.429,1435.234
L,4611.007,1425.625
L,4607.926,1416.15
L,4604.392,1406.808
L,4601.371,1399.507
L,4598.092,1392.356
L,4594.452,1385.424
L,4590.346,1378.779
L,4585.672,1372.488
L,4582.708,1369.084
L,4579.524,1365.874
L,4576.123,1362.916
L,4572.503,1360.265
L,4568.668,1357.98
L,4563.735,1355.749
L,4558.558,1354.066
L,4553.211,1352.859
L,4547.769,1352.056
L,4542.304,1351.584
L,4540.487,1351.487
L,4538.675,1351.413
L,4536.867,1351.356
L,4535.061,1351.311
L,4533.256,1351.272
L,4535.117,1356.507
L,4536.965,1361.743
L,4538.788,1366.983
L,4540.571,1372.228
L,4542.304,1377.48
L,4544.609,1384.908
L,4546.602,1392.414
L,4548.097,1400.06
L,4548.91,1407.905
L,4548.856,1416.012
L,4548.057,1422.717
L,4546.483,1429.293
L,4544.046,1435.403
L,4540.655,1440.708
L,4536.22,1444.872
L,4532.109,1447.11
L,4527.51,1448.56
L,4522.594,1449.297
L,4517.536,1449.394
L,4512.508,1448.928
L,4506.009,1447.533
L,4499.836,1445.387
L,4493.949,1442.628
L,4488.307,1439.395
L,4482.868,1435.824
L,4476.818,1431.454
L,4470.944,1426.866
L,4465.21,1422.108
L,4459.577,1417.226
L,4454.008,1412.268
L,4446.583,1405.555
L,4439.206,1398.789
L,4431.878,1391.969
L,4424.6,1385.096
L,4417.372,1378.169
L,4410.195,1371.189
L,4403.071,1364.156
L,4395.999,1357.07
L,4388.981,1349.931
L,4382.018,1342.74
L,4375.109,1335.497
L,4368.257,1328.201
L,4361.462,1320.853
L,4354.725,1313.453
L,4348.046,1306.001
L,4341.427,1298.498
L,4334.868,1290.943
L,4328.369,1283.337
L,4321.876,1275.612
L,4315.502,1267.904
L,4309.189,1260.146
L,4302.936,1252.341
L,4296.739,1244.49
L,4290.598,1236.595
L,4284.51,1228.658
L,4278.475,1220.681
L,4272.49,1212.665
L,4266.553,1204.612
L,4260.663,1196.525
L,4254.817,1188.404
L,4249.015,1180.251
L,4243.254,1172.069
L,4237.532,1163.859
L,4231.849,1155.623
L,4226.201,1147.362
L,4220.587,1139.079
L,4217.668,1134.744
L,4212.103,1126.43
L,4206.569,1118.095
L,4201.066,1109.742
L,4195.593,1101.37
L,4190.149,1092.979
L,4184.735,1084.57
L,4179.35,1076.142
L,4173.993,1067.698
L,4168.664,1059.235
L,4163.362,1050.756
L,4158.087,1042.26
L,4152.838,1033.748
L,4147.616,1025.219
L,4142.419,1016.675
L,4137.248,1008.116
L,4132.101,999.541
L,4126.978,990.952
L,4120.948,980.772
L,4115.877,972.151
L,4110.83,963.516
L,4105.807,954.867
L,4100.809,946.203
L,4095.836,937.524
L,4090.89,928.831
L,4085.97,920.122
L,4081.077,911.397
L,4076.213,902.658
L,4071.376,893.902
L,4066.569,885.131
L,4061.792,876.343
L,4057.044,867.539
L,4052.327,858.719
L,4047.642,849.883
L,4042.988,841.029
L,4038.367,832.159
L,4033.779,823.271
L,4029.224,814.366
L,4024.704,805.444
L,4020.218,796.504
L,4017.052,790.14
L,4012.627,781.169
L,4008.239,772.18
L,4003.89,763.172
L,3999.58,754.146
L,3995.311,745.1
L,3991.085,736.035
L,3986.902,726.949
L,3982.764,717.844
L,3978.673,708.718
L,3974.629,699.571
L,3970.634,690.404
L,3966.689,681.215
L,3963.076,672.672
L,3959.23,663.442
L,3955.427,654.193
L,3951.659,644.93
L,3947.916,635.657
L,3944.189,626.377
L,3941.548,619.788
L,3948.906,626.559
L,3956.263,633.333
L,3963.614,640.112
L,3970.958,646.899
L,3978.292,653.697
L,3985.615,660.508
L,3991.624,666.12
L,3998.918,672.962
L,4006.194,679.823
L,4013.453,686.702
L,4020.694,693.601
L,4027.916,700.52
L,4035.119,707.458
L,4042.302,714.417
L,4049.465,721.397
L,4056.607,728.397
L,4063.729,735.419
L,4070.828,742.463
L,4077.905,749.529
L,4084.96,756.618
L,4091.991,763.729
L,4098.999,770.864
L,4104.568,776.568
L,4111.532,783.745
L,4118.472,790.945
L,4125.389,798.167
L,4132.283,805.412
L,4139.155,812.677
L,4146.006,819.962
L,4152.836,827.268
L,4159.646,834.592
L,4166.437,841.934
L,4173.208,849.294
L,4179.962,856.67
L,4186.698,864.063
L,4193.417,871.47
L,4200.121,878.893
L,4206.809,886.33
L,4213.481,893.779
L,4220.14,901.242
L,4228.432,910.572
L,4235.061,918.06
L,4241.678,925.558
L,4248.283,933.066
L,4254.878,940.584
L,4261.464,948.109
L,4268.04,955.643
L,4274.608,963.183
L,4281.168,970.73
L,4287.722,978.283
L,4294.269,985.842
L,4300.811,993.405
L,4306.744,1000.272
L,4312.988,1007.507
L,4319.23,1014.744
L,4325.469,1021.983
L,4331.707,1029.223
L,4337.944,1036.464
L,4347.334,1037.262
L,4356.717,1038.111
L,4366.085,1039.059
L,4375.43,1040.157
L,4384.744,1041.456
L,4393.931,1042.971
L,4403.087,1044.683
L,4412.221,1046.542
L,4421.34,1048.498
L,4430.452,1050.504
L,4423.868,1042.976
L,4417.295,1035.439
L,4410.743,1027.884
L,4404.224,1020.301
L,4396.756,1011.504
L,4390.341,1003.834
L,4383.974,996.124
L,4377.647,988.38
L,4371.352,980.61
L,4365.081,972.82
L,4358.826,965.017
L,4352.578,957.207
L,4346.33,949.398
L,4340.073,941.596
L,4333.8,933.807
L,4327.502,926.04
L,4323.28,920.868
L,4316.925,913.149
L,4310.534,905.46
L,4304.107,897.801
L,4297.647,890.17
L,4291.155,882.567
L,4284.631,874.99
L,4278.079,867.437
L,4271.498,859.908
L,4264.891,852.402
L,4258.258,844.917
L,4251.602,837.452
L,4244.923,830.006
L,4238.223,822.578
L,4231.504,815.166
L,4224.767,807.77
L,4218.013,800.388
L,4211.244,793.019
L,4204.46,785.662
L,4198.792,779.532
L,4191.987,772.194
L,4185.169,764.867
L,4178.337,757.553
L,4171.49,750.254
L,4164.625,742.971
L,4157.743,735.706
L,4150.841,728.46
L,4143.917,721.235
L,4136.972,714.033
L,4130.002,706.856
L,4123.007,699.704
L,4115.985,692.58
L,4108.936,685.486
L,4101.856,678.422
L,4094.746,671.391
L,4087.604,664.394
L,4080.428,657.433
L,4073.217,650.509
L,4065.969,643.625
L,4058.683,636.781
L,4048.252,627.12
L,4040.869,620.381
L,4033.449,613.682
L,4025.995,607.02
L,4018.511,600.39
L,4011.001,593.789
L,4003.469,587.211
L,3995.917,580.654
L,3988.352,574.113
L,3980.774,567.584
L,3973.19,561.063
L,3965.602,554.546
L,3958.014,548.028
L,3950.43,541.506
L,3942.854,534.975
L,3932.344,525.876
L,3924.801,519.31
L,3917.271,512.729
L,3909.752,506.137
L,3902.24,499.537
L,3893.344,491.712
L,3892.22,488.53
L,3891.096,485.348
L,3889.973,482.166
L,3888.85,478.983
L,3887.728,475.8
L,3884.411,466.363
L,3881.109,456.92
L,3877.829,447.468
L,3874.575,438.006
L,3871.353,428.533
L,3868.17,419.048
L,3865.03,409.549
L,3861.94,400.036
L,3858.905,390.507
L,3855.93,380.961
L,3853.022,371.397
L,3850.187,361.813
L,3848.104,354.588
L,3845.411,344.966
L,3842.824,335.316
L,3840.364,325.634
L,3838.056,315.911
L,3835.922,306.144
L,3833.984,296.326
L,3832.267,286.452
L,3830.793,276.515
L,3829.696,267.54
L,3828.869,258.51
L,3828.528,249.469
L,3828.928,240.466
L,3830.325,231.549
L,3832.972,222.768
L,3834.641,218.891
L,3836.638,215.183
L,3838.987,211.775
L,3841.709,208.8
L,3844.828,206.388
L,3849.667,204.179
L,3855.043,203.095
L,3860.731,202.991
L,3866.502,203.721
L,3872.128,205.14
L,3879.07,207.859
L,3885.463,211.365
L,3891.412,215.493
L,3897.02,220.078
L,3902.392,224.952
L,3909.579,231.929
L,3916.538,239.118
L,3923.296,246.493
L,3929.879,254.028
L,3936.313,261.696
L,3942.624,269.47
L,3951.064,280.176
L,3957.184,288.102
L,3963.243,296.072
L,3969.241,304.086
L,3975.178,312.144
L,3981.053,320.244
L,3986.867,328.387
L,3992.62,336.572
L,3998.312,344.798
L,4003.941,353.067
L,4009.51,361.376
L,4015.016,369.726
L,4020.461,378.116
L,4025.844,386.546
L,4031.166,395.015
L,4038.268,406.536
L,4043.446,415.095
L,4048.575,423.686
L,4053.667,432.299
L,4058.733,440.927
L,4063.786,449.562
L,4068.839,458.196
L,4073.903,466.823
L,4078.991,475.433
L,4084.116,484.019
L,4089.288,492.573
L,4094.522,501.087
L,4099.828,509.553
L,4103.476,515.268
L,4108.929,523.639
L,4114.472,531.951
L,4120.099,540.208
L,4125.808,548.411
L,4131.594,556.562
L,4137.454,564.664
L,4143.382,572.72
L,4149.375,580.731
L,4155.43,588.7
L,4161.542,596.63
L,4167.707,604.522
L,4173.921,612.379
L,4180.18,620.203
L,4186.48,627.997
L,4191.616,634.296
L,4197.982,642.038
L,4204.393,649.744
L,4210.857,657.401
L,4217.387,664.999
L,4223.992,672.527
L,4230.682,679.974
L,4237.468,687.329
L,4244.36,694.581
L,4251.369,701.72
L,4258.505,708.733
L,4265.778,715.611
L,4273.199,722.342
L,4284.592,732.108
L,4292.424,738.424
L,4300.428,744.545
L,4308.599,750.451
L,4316.936,756.122
L,4325.435,761.538
L,4334.094,766.677
L,4342.911,771.52
L,4351.881,776.046
L,4361.003,780.234
L,4370.275,784.065
L,4383.34,788.736
L,4392.953,791.626
L,4402.694,794.057
L,4412.547,795.974
L,4422.5,797.325
L,4432.535,798.056
L,4442.64,798.115
L,4454.008,797.316
L,4464.179,795.768
L,4474.189,793.362
L,4483.837,790.022
L,4492.924,785.678
L,4504.084,777.972
L,4508.756,773.576
L,4513.081,768.782
L,4517.143,763.691
L,4521.031,758.401
L,4524.832,753.012
L,4545.58,793.728
L,4719.208,793.26
